order_id,order_date,region,product_category,sales_rep,customer_segment,units_sold,unit_price,discount_pct,satisfaction_score,revenue
S-100000,2024-02-05, south,Office Supplies,Aisha Karimova,SMB,23.0,$238.66,10%,3.62,4940.26
S-100001,2024-11-05, south,Home Goods,Maria Gomez ,Retail,3.0,$136.70,15 %,3.78,348.58
S-100002,2024-09-18, south,Office Supplies,Maria Gomez ,retail ,52.0,$225.57,15 %,3.87,9970.19
S-100003,2024-06-24,EAST,electronics,SAM PATEL,Government,33.0,$160.35,0%,4.81,
S-100004,2024-06-22,West ,,Maria Gomez ,Government,4.0,$216.42,0%,4.19,865.68
S-100005,2024-12-09, south,Office Supplies,john lee,Government,93.0,$22.41,5%,4.81,1979.92
S-100006,2024-02-04, south,Industrial,john lee,Enterprise,,$144.12,20%,4.37,3610563.526077519
S-100007,2024-10-05,Central,Home Goods,john lee,SMB,109.0,$364.43,5%,3.93,37736.73
S-100008,2024-03-21,North,Electronics,Lena Park,SMB,58.0,$310.58,20%,3.89,14410.91
S-100009,2024-02-07,EAST,Office Supplies,Aisha Karimova,Retail,53.0,$352.12,10%,4.41,16796.12
S-100010,2024-07-29,West ,Home Goods,,Enterprise,101.0,$357.96,5%,4.55,34346.26
S-100011,2025-01-25,North,,john lee,Enterprise,10.0,$297.20,20%,4.65,2377.6
S-100012,2024-10-21,North,Office Supplies,Aisha Karimova,Retail,44.0,$201.51,10%,3.96,7979.8
S-100013,2024-10-31,North,Electronics,john lee,Government,96.0,$151.83,5%,4.2,13846.9
S-100014,2024-10-13,Central,electronics,Aisha Karimova,SMB,35.0,$337.47,0%,4.42,11811.45
S-100015,2024-11-10,North,Electronics,Lena Park,Retail,106.0,,0%,3.89,0.0
S-100016,2024-07-24,North,Home Goods,Maria Gomez ,SMB,34.0,$451.99,0%,3.48,
S-100017,2024-02-21,North,Office Supplies,john lee,Government,50.0,$208.97,5%,,9926.07
S-100018,2024-12-01,North,Home Goods,SAM PATEL,SMB ,107.0,$407.70,10%,3.97,39261.51
S-100019,2024/08/03,West ,Industrial,SAM PATEL,SMB,29.0,$226.67,5%,4.46,6244.76
S-100020,2024-07-19, south,electronics,Lena Park,SMB ,116.0,$353.56,0%,4.79,41012.96
S-100021,2024-05-28,EAST,electronics,,Government,6.0,$384.22,5%,3.35,2190.05
S-100022,2024-03-14,West ,Home Goods,SAM PATEL,Government,32.0,$153.05,5%,3.77,4652.72
S-100023,2025-01-05,Central,Industrial,Lena Park,Government,71.0,$198.78,,3.9,14113.38
S-100024,2024-11-08,North,Industrial,Lena Park,SMB,71.0,,5%,4.54,0.0
S-100025,2024-09-14,Central,Electronics,Maria Gomez ,Government,109.0,$135.45,0%,3.81,14764.05
S-100026,2024-06-09,West ,electronics,SAM PATEL,Enterprise,,$296.70,10%,3.86,0.0
S-100027,2024-11-25,North, furniture,Aisha Karimova,Enterprise,81.0,$223.29,20%,3.32,14469.19
S-100028,2024-08-06,Central,Industrial,SAM PATEL,Retail,79.0,$244.45,15 %,4.37,16414.82
S-100029,2024-06-26,Central,electronics,,Government,38.0,$287.28,20%,4.01,8733.31
S-100030,2024-06-29, south,Office Supplies,Aisha Karimova,SMB ,96.0,$82.12,20%,3.74,6306.82
S-100031,2024-03-31,Central,Electronics,Lena Park,retail ,77.0,$349.38,10%,3.96,24212.03
S-100032,2024-02-06,EAST, furniture,Lena Park,,3.0,$210.33,,4.72,630.99
S-100033,2024-08-09,West ,Home Goods,john lee,SMB,100.0,$285.25,0%,3.55,28525.0
S-100034,2024-12-21,, furniture,Maria Gomez ,Retail,43.0,$292.76,20%,3.64,10070.94
S-100035,2024-01-26, south,Electronics,Lena Park,Retail,57.0,$356.52,20%,4.79,16257.31
S-100036,2024-12-09,Central,Industrial,,Government,58.0,$231.09,20%,4.14,10722.58
S-100037,2024-11-27, south,Home Goods,Aisha Karimova,SMB,98.0,$59.49,10%,4.47,5247.02
S-100038,2024-04-20,Central,Electronics,john lee,retail ,32.0,$244.86,15 %,4.32,6660.19
S-100039,2024-09-09,West , furniture,SAM PATEL,Enterprise,47.0,$257.06,5%,4.08,11477.73
S-100040,2024-03-07,North,,john lee,SMB,5.0,$152.09,10%,3.91,684.41
S-100041,2024-10-30,EAST,Home Goods,john lee,SMB,42.0,$252.54,5%,4.56,10076.35
S-100042,2024-10-07, south,electronics,Aisha Karimova,Government,11.0,$209.31,10%,4.74,2072.17
S-100043,2024-05-21,North, furniture,Aisha Karimova,Enterprise,70.0,$125.87,10%,4.7,
S-100044,2024-01-28,North, furniture,Maria Gomez ,Government,107.0,$297.08,5%,3.45,30198.18
S-100045,2025-01-23, south,Electronics,SAM PATEL,Enterprise,56.0,$192.08,5%,4.82,10218.66
S-100046,2024-06-27,North,Home Goods,SAM PATEL,,109.0,$205.46,5%,3.9,21275.38
S-100047,2024-12-23,North,Electronics,Lena Park,retail ,117.0,$200.68,10%,3.68,21131.6
S-100048,2024-09-28,West ,Electronics,Maria Gomez ,retail ,7.0,$345.02,10%,4.01,2173.63
S-100049,2024-11-07,West ,Home Goods,john lee,Retail,62.0,$236.52,15 %,4.56,12464.6
S-100050,2024-10-30,West ,Industrial,Aisha Karimova,SMB,63.0,$246.72,0%,4.4,15543.36
S-100051,2024-03-18, south,Home Goods,john lee,Enterprise,46.0,$202.55,15 %,3.96,7919.71
S-100052,2024-05-25,Central,Office Supplies,john lee,Government,99.0,$279.34,10%,4.56,24889.19
S-100053,2024-07-05,West ,Office Supplies,Aisha Karimova,SMB,47.0,$354.69,0%,4.18,16670.43
S-100054,2024-07-18,North,Office Supplies,Aisha Karimova,Retail,7.0,$295.07,5%,,1962.22
S-100055,2024-01-18,North, furniture,Aisha Karimova,Enterprise,66.0,$298.38,10%,3.71,17723.77
S-100056,2024-08-06,West ,Office Supplies,SAM PATEL,,25.0,$291.53,5%,4.33,6923.84
S-100057,2024-03-02,North,Office Supplies,SAM PATEL,retail ,43.0,$45.00 ,0%,4.05,1935.0
S-100058,2024-10-24,EAST,electronics,Lena Park,Retail,60.0,$165.53,5%,3.34,9435.21
S-100059,2024-09-30,,Industrial,Lena Park,retail ,87.0,$222.58,0%,4.57,19364.46
S-100060,2025-01-04,North,,Maria Gomez ,SMB,34.0,$178.30,0%,,6062.2
S-100061,2024-10-24,North,Electronics,Aisha Karimova,retail ,46.0,$149.51,5%,4.98,6533.59
S-100062,2024-05-26,,Office Supplies,Maria Gomez ,SMB,,$80.87,15 %,3.33,
S-100063,2025-01-22,EAST,Electronics,Aisha Karimova,Enterprise,46.0,$125.55,10%,4.0,5197.77
S-100064,2024-06-13,North, furniture,Maria Gomez ,SMB,70.0,$218.20,5%,3.72,14510.3
S-100065,2024-05-10,Central, furniture,Maria Gomez ,SMB,74.0,$234.10,10%,3.56,15591.06
S-100066,2024-12-28,Central,Electronics,Maria Gomez ,Retail,35.0,$172.59,10%,3.83,5436.59
S-100067,2024-05-28,EAST,Home Goods,john lee,SMB ,8.0,$246.71,0%,5.07,1973.68
S-100068,2024-01-31,West ,Office Supplies,SAM PATEL,SMB,69.0,$203.12,5%,4.18,13314.52
S-100069,2024-07-06, south,Industrial,Lena Park,SMB,581.0,$332.70,5%,3.66,183633.76
S-100070,2024-11-14,North,Electronics,Lena Park,Retail,11.0,$226.26,10%,3.09,2239.97
S-100071,2024-03-16,West ,Electronics,SAM PATEL,Enterprise,61.0,$299.19,10%,3.15,16425.53
S-100072,2024-07-04, south,Office Supplies,Maria Gomez ,Government,12.0,$257.27,5%,3.8,2932.88
S-100073,2024-02-21,West ,Electronics,Aisha Karimova,Retail,54.0,$120.82,10%,3.75,5871.85
S-100074,2024-10-01,Central, furniture,SAM PATEL,Retail,77.0,$232.29,,3.98,17886.33
S-100075,2024-07-09,North,,Maria Gomez ,Retail,86.0,$134.97,5%,2.85,11027.05
S-100076,2024-05-12,West , furniture,john lee,Enterprise,85.0,$230.81,10%,4.05,17656.96
S-100077,2024-03-31, south,Electronics,john lee,SMB ,91.0,$176.66,10%,4.67,14468.45
S-100078,2024-08-13,Central,electronics,Lena Park,SMB,467.0,$272.47,15 %,4.99,108156.97
S-100079,2024-09-24, south,Office Supplies,SAM PATEL,SMB,101.0,$125.90,15 %,,10808.52
S-100080,2024/08/03,West ,electronics,Maria Gomez ,Government,42.0,$241.25,15 %,3.66,8612.62
S-100081,2024-06-23,EAST,Office Supplies,SAM PATEL,Government,45.0,$288.66,5%,3.63,2075912.535800873
S-100082,2024-03-05, south,Industrial,Maria Gomez ,retail ,94.0,$317.15,5%,4.18,28321.5
S-100083,2024-11-29,West ,Electronics,Maria Gomez ,Retail,39.0,$175.05,15 %,,5802.91
S-100084,2024-09-08,West ,Office Supplies,john lee,SMB,9.0,$241.51,5%,5.03,2064.91
S-100085,2024-10-07,EAST,Home Goods,Maria Gomez ,Government,86.0,$255.65,,4.12,21985.9
S-100086,2024-02-08,West ,Industrial,SAM PATEL,Enterprise,79.0,$371.51,5%,4.03,27881.83
S-100087,2024-05-04,,Office Supplies,Aisha Karimova,Enterprise,70.0,$114.09,10%,4.98,7187.67
S-100088,2024-11-03,EAST,electronics,Lena Park,Government,18.0,$162.56,10%,4.09,2633.47
S-100089,2024/08/03,EAST,Electronics,john lee,retail ,76.0,$478.38,5%,4.32,34539.04
S-100090,2024-06-23,North,Electronics,SAM PATEL,SMB,24.0,$216.79,20%,3.69,4162.37
S-100091,2024/08/03,Central,Electronics,SAM PATEL,Retail,67.0,$79.27,0%,3.35,5311.09
S-100092,2024-12-02,EAST,Home Goods,SAM PATEL,Government,61.0,$190.48,10%,3.76,10457.35
S-100093,2024-06-03, south, furniture,SAM PATEL,Enterprise,92.0,$4.65,10%,5.3,385.02
S-100094,2024-12-25,North,Home Goods,Lena Park,retail ,117.0,$260.48,20%,4.45,24380.93
S-100095,2024-04-25,Central,Electronics,Maria Gomez ,Retail,23.0,$308.83,10%,4.25,6392.78
S-100096,2024-04-05, south,Industrial,SAM PATEL,Government,14.0,$162.51,,3.56,2275.14
S-100097,2024-09-29,West ,Industrial,SAM PATEL,Government,67.0,$199.99,20%,4.6,10719.46
S-100098,,North,Electronics,john lee,Enterprise,114.0,$318.51,5%,3.35,34494.63
S-100099,2024-02-25,,Electronics,john lee,Retail,19.0,$91.23,20%,3.24,1386.7
S-100100,2024-11-29,North,Electronics,Maria Gomez ,SMB ,58.0,$127.67,,3.79,7404.86
S-100101,2024-03-20,North,Industrial,john lee,Government,49.0,$220.61,5%,5.17,10269.4
S-100102,2024-11-17,Central, furniture,john lee,Enterprise,38.0,$176.05,10%,5.14,6020.91
S-100103,03/15/2024,Central,electronics,Maria Gomez ,Enterprise,80.0,$215.02,5%,3.85,16341.52
S-100104,2024-11-14,North,Office Supplies,SAM PATEL,SMB ,36.0,$132.58,10%,3.73,4295.59
S-100105,2024-11-10,EAST,Home Goods,john lee,SMB ,59.0,$258.22,0%,3.2,15234.98
S-100106,2024-11-08,West ,Office Supplies,Lena Park,Enterprise,101.0,$227.32,15 %,4.14,19515.42
S-100107,2024-09-22,Central,Office Supplies,Maria Gomez ,SMB,46.0,$286.68,5%,4.19,3234051.0439020004
S-100108,2024-07-07, south,,SAM PATEL,SMB,,$257.03,10%,4.53,0.0
S-100109,2024-10-09,EAST,Electronics,Aisha Karimova,Government,106.0,$257.57,0%,4.6,27302.42
S-100110,2024-04-20,West ,Industrial,Maria Gomez ,Enterprise,33.0,$117.06,15 %,3.99,3283.53
S-100111,2024-11-08,West ,Electronics,Aisha Karimova,Retail,92.0,$281.87,10%,4.41,23338.84
S-100112,2024-08-10,Central,Office Supplies,SAM PATEL,Retail,91.0,$211.88,10%,3.71,17352.97
S-100113,2024-07-02,EAST,Industrial,john lee,SMB ,63.0,$225.84,5%,4.4,13516.52
S-100114,2024-07-21,North,Home Goods,Lena Park,Government,11.0,$329.10,0%,3.82,3620.1
S-100115,2024-08-15,Central,Home Goods,john lee,SMB ,114.0,$178.85,5%,4.35,19369.45
S-100116,2024-01-15,Central, furniture,Maria Gomez ,SMB,82.0,$354.85,20%,4.31,23278.16
S-100117,2024-02-25,Central,Office Supplies,john lee,Government,51.0,$362.78,5%,4.14,17576.69
S-100118,2024-04-08,North,Office Supplies,SAM PATEL,Government,102.0,$303.99,10%,4.54,27906.28
S-100119,2024-02-15,North,Office Supplies,Maria Gomez ,retail ,94.0,$156.65,0%,3.24,14725.1
S-100120,2024-06-24,West ,Office Supplies,john lee,Retail,91.0,$54.17,15 %,3.51,4190.05
S-100121,2024-09-24,North, furniture,john lee,,20.0,$331.70,5%,3.95,6302.3
S-100122,2024-09-18,, furniture,Aisha Karimova,Retail,76.0,$249.47,10%,3.31,17063.75
S-100123,2024-07-07, south, furniture,Aisha Karimova,Enterprise,35.0,$176.66,5%,,5873.94
S-100124,2024-12-08,West ,Office Supplies,,Enterprise,,$339.75,0%,3.89,0.0
S-100125,2024-08-14,Central,Electronics,Maria Gomez ,Enterprise,41.0,$166.77,5%,4.82,6495.69
S-100126,2024-02-01, south,Industrial,Aisha Karimova,retail ,13.0,$203.95,5%,4.18,2518.78
S-100127,2024-11-01, south,electronics,Lena Park,Government,13.0,$284.62,10%,4.67,3330.05
S-100128,2024-08-17,West ,Electronics,Aisha Karimova,Retail,87.0,$145.34,,4.27,12644.58
S-100129,2024-09-10,EAST,Home Goods,Maria Gomez ,Government,60.0,$230.69,10%,3.81,12457.26
S-100130,2024-08-14, south,Industrial,SAM PATEL,Retail,48.0,"1,950",20%,4.17,74880.0
S-100131,2024-08-09,West , furniture,Lena Park,Enterprise,23.0,$257.94,10%,4.5,5339.36
S-100132,2024-02-06,Central,Electronics,SAM PATEL,Government,92.0,$346.03,0%,4.76,31834.76
S-100133,2024-08-11,EAST,Electronics,Maria Gomez ,Retail,76.0,$336.36,5%,4.03,24285.19
S-100134,2024-11-13,North,Electronics,,Retail,70.0,$240.66,5%,3.19,16003.89
S-100135,2024-05-01, south,Home Goods,Aisha Karimova,Government,23.0,$41.38,5%,3.16,904.15
S-100136,2024-08-29, south,,,Retail,15.0,$146.01,20%,3.92,1752.12
S-100137,2024-01-13,North,Electronics,Lena Park,Retail,15.0,$304.88,10%,2.81,4115.88
S-100138,2024-05-18,North,Home Goods,Lena Park,SMB,3.0,"$1,299.99",10%,5.09,3509.97
S-100139,2024-06-23,West ,Electronics,john lee,SMB ,116.0,$212.23,10%,4.43,
S-100140,2025-01-28, south,electronics,Aisha Karimova,Enterprise,44.0,$268.77,5%,3.75,2313988.284795025
S-100141,2024-03-26,Central,Home Goods,SAM PATEL,SMB,79.0,$364.91,10%,3.49,25945.1
S-100142,2024-04-20, south, furniture,Maria Gomez ,,117.0,$191.12,0%,4.67,22361.04
S-100143,2024-06-12,North,Electronics,Maria Gomez ,SMB,112.0,$185.30,0%,3.49,20753.6
S-100144,2025-02-01,West ,electronics,Lena Park,SMB,39.0,$235.54,5%,3.54,8726.76
S-100145,2024-12-07,Central,,SAM PATEL,SMB,59.0,$269.83,0%,3.68,15919.97
S-100146,2024-01-14, south, furniture,john lee,retail ,56.0,$226.89,10%,4.16,11435.26
S-100147,2024-04-03,North,Electronics,Maria Gomez ,SMB,4.0,$329.19,0%,4.44,1316.76
S-100148,2024-11-24,North,Electronics,Aisha Karimova,Enterprise,92.0,$172.07,0%,4.76,15830.44
S-100149,2024-01-24,EAST,electronics,Aisha Karimova,Retail,69.0,$250.21,20%,4.67,13811.59
S-100150,2024-12-08,EAST,electronics,Aisha Karimova,Enterprise,45.0,$277.84,,4.1,12502.8
S-100151,2024-04-22, south,Home Goods,Lena Park,Retail,67.0,,10%,4.66,0.0
S-100152,2025-01-02,North,Home Goods,SAM PATEL,SMB,88.0,$45.00 ,10%,3.73,3564.0
S-100153,2024-04-27,EAST,Industrial,Maria Gomez ,Retail,309.0,$252.66,15 %,3.1,66361.15
S-100154,2024-06-22,Central,Home Goods,john lee,SMB,77.0,$307.05,0%,,23642.85
S-100155,2024-09-21,West , furniture,SAM PATEL,Government,103.0,$256.50,5%,,25098.52
S-100156,2024-02-20,EAST,electronics,Lena Park,SMB,87.0,$271.99,0%,3.75,23663.13
S-100157,2024-08-10,North, furniture,Lena Park,Retail,74.0,$186.25,5%,3.57,13093.38
S-100158,2024-07-21, south, furniture,Maria Gomez ,Retail,11.0,$186.38,,3.85,2050.18
S-100159,2024-11-09, south,Industrial,Lena Park,Government,89.0,$344.07,15 %,4.44,26028.9
S-100160,2025-02-02,Central,Home Goods,Maria Gomez ,retail ,90.0,$294.02,,5.04,26461.8
S-100161,2024-09-22,Central,,Maria Gomez ,Government,59.0,$153.05,15 %,3.15,7675.46
S-100162,2024-06-12,Central,Office Supplies,Lena Park,SMB,70.0,$255.37,10%,3.39,16088.31
S-100163,2024-06-11,,Office Supplies,john lee,Retail,,$38.23,15 %,3.66,0.0
S-100164,2024-06-16,,Office Supplies,Maria Gomez ,Government,15.0,$191.22,10%,4.52,2581.47
S-100165,2024-11-21,Central,Electronics,john lee,SMB,,$321.69,10%,3.99,0.0
S-100166,2024-05-08,North, furniture,Maria Gomez ,Retail,95.0,$229.36,5%,3.7,20699.74
S-100167,2024-03-07,North,Office Supplies,Maria Gomez ,SMB ,116.0,$250.02,10%,4.49,26102.09
S-100168,2024-05-13, south,Electronics,SAM PATEL,Retail,33.0,$-16.39,5%,4.63,-513.83
S-100169,2024-01-10,EAST,Industrial,Maria Gomez ,SMB,48.0,$206.66,10%,4.09,
S-100170,2024-02-12,North,Electronics,john lee,SMB,109.0,$268.75,0%,3.65,29293.75
S-100171,2024-02-06,Central,Electronics,Lena Park,SMB,20.0,$279.55,10%,4.25,5031.9
S-100172,2024-11-04,West ,Home Goods,john lee,Government,32.0,$321.80,5%,3.97,9782.72
S-100173,2024-10-15,EAST,Electronics,Lena Park,Retail,7.0,$222.13,5%,3.97,1477.16
S-100174,2024-10-05,North,Industrial,john lee,SMB ,28.0,$225.92,10%,3.82,5693.18
S-100175,2024-07-03, south,Home Goods,Maria Gomez ,Enterprise,76.0,$126.77,0%,4.61,9634.52
S-100176,2024-10-13,North,Electronics,Maria Gomez ,SMB ,42.0,$222.62,,4.24,9350.04
S-100177,2024-03-05,Central,Home Goods,Lena Park,Government,,$132.77,5%,4.67,0.0
S-100178,2024-12-26,EAST,electronics,Aisha Karimova,SMB ,107.0,$82.93,5%,4.83,8429.83
S-100179,2024-07-19,West ,Home Goods,Lena Park,Enterprise,107.0,$147.76,0%,,15810.32
S-100180,2025-01-10, south,Industrial,Maria Gomez ,SMB,87.0,$368.24,20%,3.82,25629.5
S-100181,2024-03-01, south,Home Goods,SAM PATEL,SMB,84.0,$217.00,10%,4.67,16405.2
S-100182,2024-07-17, south,electronics,Maria Gomez ,Enterprise,61.0,$258.69,5%,4.36,14991.09
S-100183,2024-10-05,Central, furniture,Aisha Karimova,SMB,118.0,$196.35,5%,5.53,22010.84
S-100184,2024-07-17,Central,Home Goods,Maria Gomez ,Government,,$87.80,15 %,4.27,0.0
S-100185,2024-06-27,North,Industrial,john lee,Retail,87.0,$319.57,20%,4.48,22242.07
S-100186,2024-03-07,Central,electronics,john lee,Government,17.0,$55.36,5%,4.26,894.06
S-100187,2024-06-01,North,Home Goods,SAM PATEL,Retail,41.0,$192.84,0%,4.05,7906.44
S-100188,2024-04-05,Central,Office Supplies,Maria Gomez ,SMB ,31.0,$235.36,0%,3.96,7296.16
S-100189,2024-04-30,North,Home Goods,Aisha Karimova,Retail,72.0,$259.59,0%,4.26,18690.48
S-100190,2024-09-30, south,,Aisha Karimova,Retail,94.0,$178.25,15 %,4.39,14242.18
S-100191,2024-09-09,Central,Electronics,Aisha Karimova,Government,10.0,$83.77,,4.73,837.7
S-100192,2024-08-30,North, furniture,Aisha Karimova,Government,72.0,$171.91,,4.27,12377.52
S-100193,2024-05-24,EAST,Office Supplies,SAM PATEL,Government,27.0,$176.36,15 %,3.85,4047.46
S-100194,2025-01-18,EAST,Office Supplies,Aisha Karimova,,10.0,$174.29,0%,3.92,1742.9
S-100195,2024-02-05, south,electronics,Lena Park,retail ,50.0,$322.45,,3.37,16122.5
S-100196,2024-05-17,West ,Electronics,john lee,Government,70.0,$136.84,5%,5.01,9099.86
S-100197,2024-02-17,Central,Office Supplies,Aisha Karimova,SMB,25.0,$265.58,5%,3.8,6307.52
S-100198,2024-05-15,Central,electronics,Lena Park,SMB,47.0,$253.46,10%,4.63,10721.36
S-100199,2025-01-19, south,electronics,john lee,SMB,114.0,$321.64,0%,4.25,36666.96
S-100200,2024-05-26,EAST,electronics,Maria Gomez ,Retail,42.0,$228.68,15 %,4.27,8163.88
S-100201,2024-12-29, south,Home Goods,Lena Park,Enterprise,119.0,$307.25,,4.04,36562.75
S-100202,2024-07-17, south,electronics,Lena Park,Government,100.0,$225.36,15 %,3.67,19155.6
S-100203,2024-10-06,North,Home Goods,SAM PATEL,Retail,45.0,$276.92,15 %,3.57,10592.19
S-100204,2024-07-01,Central,electronics,Aisha Karimova,SMB ,69.0,$112.25,5%,5.05,7357.99
S-100205,2024-04-16,Central,Office Supplies,SAM PATEL,SMB,85.0,$15.75,0%,4.16,1338.75
S-100206,2024-11-01,Central,electronics,,Retail,56.0,$272.09,15 %,4.72,12951.48
S-100207,2025-01-22,EAST,Electronics,Lena Park,Enterprise,49.0,$276.65,10%,4.86,12200.26
S-100208,2024-04-15,EAST, furniture,Aisha Karimova,Retail,40.0,$280.42,20%,3.87,8973.44
S-100209,2024-11-07,EAST,Office Supplies,Maria Gomez ,Retail,,$195.38,0%,4.33,0.0
S-100210,2024-04-14,EAST,Industrial,john lee,Enterprise,3.0,$366.63,5%,4.12,1044.9
S-100211,2024-10-13,EAST,Home Goods,Aisha Karimova,Retail,41.0,$200.91,5%,3.46,7825.44
S-100212,2024-11-11,North,Electronics,SAM PATEL,Retail,95.0, 85 ,10%,4.0,7267.5
S-100213,2024-06-28,North,electronics,john lee,Government,28.0,$290.54,15 %,4.42,6914.85
S-100214,2024-10-21,Central, furniture,john lee,Retail,424.0,$386.09,,3.83,163702.16
S-100215,03/15/2024,EAST,Home Goods,Aisha Karimova,Government,40.0,"$1,299.99",5%,3.92,49399.62
S-100216,,Central,Industrial,Maria Gomez ,Government,72.0,$184.48,10%,4.0,11954.3
S-100217,2024-02-08,North,electronics,Aisha Karimova,Retail,26.0,$112.66,0%,5.26,2929.16
S-100218,2024-06-27,EAST,electronics,Maria Gomez ,SMB,27.0,$371.95,5%,3.09,9540.52
S-100219,2024-12-27,North, furniture,Aisha Karimova,Retail,14.0,$275.82,5%,4.38,3668.41
S-100220,03/15/2024, south,Office Supplies,Lena Park,Enterprise,40.0,$278.51,10%,3.96,10026.36
S-100221,2024-07-01,North,Industrial,Aisha Karimova,Retail,26.0,$504.92,10%,3.75,11815.13
S-100222,2024-10-08,North,Home Goods,Maria Gomez ,SMB ,99.0,$267.63,5%,3.95,25170.6
S-100223,2024-03-21,Central,Office Supplies,Aisha Karimova,Retail,108.0,$129.30,10%,,12567.96
S-100224,2024-10-15, south,Office Supplies,Aisha Karimova,Enterprise,45.0,$223.35,15 %,4.5,8543.14
S-100225,2024-05-02,West ,Electronics,john lee,Retail,11.0,$157.14,5%,4.2,1642.11
S-100226,2024-11-19,EAST,Electronics,Aisha Karimova,Retail,,$206.35,5%,4.7,0.0
S-100227,2024-08-19, south,Electronics,Aisha Karimova,SMB,39.0,$205.78,15 %,4.8,6821.61
S-100228,2024-08-06,EAST,Office Supplies,Maria Gomez ,Enterprise,,$190.10,15 %,4.55,0.0
S-100229,2024-03-11,North,Industrial,SAM PATEL,,63.0,$45.00 ,15 %,3.8,2409.75
S-100230,2024-07-04,,Office Supplies,Aisha Karimova,Retail,37.0,$375.36,5%,4.37,13193.9
S-100231,2024-12-08,Central, furniture,Maria Gomez ,Retail,43.0,$265.40,10%,4.37,10270.98
S-100232,2024-01-08,West ,Electronics,SAM PATEL,SMB,34.0,$220.83,20%,3.65,6006.58
S-100233,2024-10-30,EAST, furniture,john lee,SMB,62.0,$304.40,5%,3.24,17929.16
S-100234,2024-07-16,North,Home Goods,john lee,Government,83.0,$280.04,5%,2.99,22081.15
S-100235,2024-10-14,Central,Office Supplies,Aisha Karimova,SMB ,6.0,$263.43,,4.14,1580.58
S-100236,2024-09-22, south,Home Goods,john lee,Government,57.0,$298.22,0%,4.26,16998.54
S-100237,2024-06-21,North,Home Goods,Maria Gomez ,Retail,78.0,$251.38,15 %,3.45,16666.49
S-100238,2024-05-03, south,Electronics,,SMB,81.0,$296.97,20%,4.68,19243.66
S-100239,,Central,electronics,,Government,68.0,$304.01,0%,4.18,20672.68
S-100240,2024-02-26,West ,Industrial,,retail ,63.0,$253.83,15 %,4.84,13592.6
S-100241,2024-08-21,West ,Office Supplies,Maria Gomez ,Enterprise,82.0,$221.27,10%,4.3,16329.73
S-100242,2024-02-07,Central,Electronics,Aisha Karimova,Retail,, 85 ,20%,3.51,0.0
S-100243,2024-09-16,North,Industrial,john lee,SMB,68.0,$199.38,20%,,10846.27
S-100244,2024-09-08,Central,Industrial,john lee,Government,39.0,$273.26,20%,4.47,8525.71
S-100245,2024-02-03,EAST,Office Supplies,Aisha Karimova,retail ,53.0,$275.18,0%,3.8,14584.54
S-100246,2024-10-29,West ,electronics,Aisha Karimova,,15.0,$188.19,15 %,3.31,2399.42
S-100247,2024-06-15,North, furniture,Maria Gomez ,retail ,,$171.34,20%,4.16,0.0
S-100248,2024-11-10,,Home Goods,john lee,Retail,17.0,$209.92,10%,3.55,3211.78
S-100249,2024-01-17, south,Office Supplies,Aisha Karimova,retail ,27.0,$198.16,10%,4.72,4815.29
S-100250,2024-03-12,North,Electronics,SAM PATEL,Retail,50.0,$116.06,0%,3.88,5803.0
S-100251,2024-07-16,EAST,Home Goods,john lee,SMB,60.0,$184.62,20%,5.05,8861.76
S-100252,2024-03-16,North,Industrial,Lena Park,Retail,113.0,$262.63,0%,2.93,29677.19
S-100253,2024-05-11,North,Industrial,john lee,Enterprise,639.0,$347.61,5%,4.17,211016.65
S-100254,2024-09-21,West , furniture,Maria Gomez ,Government,107.0,$287.12,20%,4.89,24577.47
S-100255,2024-02-27, south,Electronics,Aisha Karimova,SMB,40.0,$19.04,20%,,609.28
S-100256,2024-09-28,Central,Industrial,Maria Gomez ,Retail,87.0,$294.51,,,25622.37
S-100257,2024-02-11, south,Industrial,Aisha Karimova,SMB,81.0,$192.56,10%,3.88,14037.62
S-100258,2024-03-11,West ,Office Supplies,Aisha Karimova,Government,116.0,$278.51,0%,3.72,32307.16
S-100259,2024-08-23,EAST,electronics,SAM PATEL,Enterprise,13.0,$238.80,10%,4.23,2793.96
S-100260,2024-11-13,West ,Office Supplies,john lee,Retail,116.0,$223.62,0%,3.39,25939.92
S-100261,2024-03-09,West ,Office Supplies,Aisha Karimova,SMB,8.0,$231.31,20%,4.04,1480.38
S-100262,2024-04-29,EAST,Electronics,Lena Park,SMB,105.0,$238.09,10%,4.38,22499.5
S-100263,2025-01-05,Central,Electronics,Aisha Karimova,SMB,78.0,$354.27,5%,3.98,26251.41
S-100264,2025-01-30, south, furniture,Maria Gomez ,Retail,58.0,$238.33,0%,3.55,
S-100265,2024-08-20,North,Industrial,Maria Gomez ,,48.0,$332.27,5%,4.67,15151.51
S-100266,2024-06-27,West ,Electronics,john lee,Retail,12.0, 85 ,20%,4.5,816.0
S-100267,2024-05-18,Central, furniture,Maria Gomez ,Retail,96.0,$296.70,15 %,3.53,24210.72
S-100268,2024-09-01,North,electronics,Aisha Karimova,Retail,,$88.14,0%,3.39,0.0
S-100269,2024-08-24,EAST, furniture,SAM PATEL,Enterprise,112.0,$334.91,0%,3.58,37509.92
S-100270,2024-04-27,Central,Electronics,john lee,SMB,87.0,$201.08,5%,4.4,16619.26
S-100271,2024-01-10,West ,electronics,Aisha Karimova,retail ,114.0,$300.84,0%,4.25,34295.76
S-100272,2024-03-01,,Office Supplies,john lee,SMB,487.0,"1,950",20%,4.53,759720.0
S-100273,2025-01-18,EAST,electronics,Lena Park,Enterprise,51.0,$139.27,10%,3.92,6392.49
S-100274,2024-06-16,West ,Industrial,Lena Park,retail ,84.0,$407.99,0%,3.59,34271.16
S-100275,2024-07-11, south,Electronics,Lena Park,SMB ,32.0,$158.66,15 %,4.61,2861480.548477391
S-100276,2024-07-05,Central,Industrial,SAM PATEL,retail ,95.0,$337.42,5%,3.8,30452.16
S-100277,2024-11-09, south,Industrial,SAM PATEL,Retail,73.0,$45.00 ,5%,4.2,3120.75
S-100278,2024-01-26,West ,Industrial,Maria Gomez ,SMB ,53.0,$204.29,10%,3.25,9744.63
S-100279,2024-02-03, south,electronics,Lena Park,Government,75.0,$236.19,0%,3.79,17714.25
S-100280,2024-04-20,EAST,electronics,Maria Gomez ,SMB,33.0,$129.41,10%,4.66,3843.48
S-100281,2024-07-13,West ,electronics,john lee,Government,75.0,$238.83,20%,3.71,14329.8
S-100282,2024-09-25,EAST,Home Goods,SAM PATEL,SMB,57.0,$147.97,20%,4.55,6747.43
S-100283,2024-07-15,Central,Electronics,Maria Gomez ,SMB,39.0,$206.39,5%,2.82,7646.75
S-100284,2024-06-25,EAST,Industrial,Aisha Karimova,Government,117.0,$318.65,10%,3.79,33553.84
S-100285,2025-01-10,West ,electronics,Maria Gomez ,Government,8.0,$261.61,5%,4.01,1988.24
S-100286,2024-03-05, south,Home Goods,john lee,retail ,91.0,$114.02,10%,5.06,3877020.813255135
S-100287,2024-08-16, south,Office Supplies,Lena Park,Enterprise,25.0,$312.38,5%,3.46,7419.02
S-100288,2024-08-04,EAST,Electronics,john lee,SMB,27.0,$239.40,10%,4.47,5817.42
S-100289,2024-07-08,North,Office Supplies,Lena Park,Retail,19.0,$193.91,0%,4.68,3684.29
S-100290,2024-11-19,North,Office Supplies,Maria Gomez ,,13.0,$303.47,20%,3.7,3156.09
S-100291,2024-04-16,West ,Office Supplies,SAM PATEL,SMB,15.0,$225.79,20%,,2709.48
S-100292,2025-01-16,West , furniture,Aisha Karimova,Enterprise,100.0,$140.92,5%,4.18,13387.4
S-100293,2024-05-12,West , furniture,Lena Park,Enterprise,111.0,$397.06,15 %,3.29,37462.61
S-100294,2024-08-06,North,Office Supplies,Maria Gomez ,SMB,,$238.53,0%,,0.0
S-100295,2024-07-27, south,Office Supplies,john lee,retail ,2.0,$233.08,15 %,4.8,396.24
S-100296,2024-12-05,North,,john lee,,103.0,$205.57,5%,4.39,20115.02
S-100297,2024-06-24,Central,Electronics,john lee,Enterprise,72.0,$340.30,0%,4.01,24501.6
S-100298,2024-04-23,Central, furniture,john lee,Enterprise,62.0,$195.39,10%,,10902.76
S-100299,2024-01-09, south, furniture,SAM PATEL,SMB,113.0,$108.68,10%,4.42,11052.76
S-100300,2024-05-25,West ,electronics,Lena Park,retail ,301.0,$182.31,10%,4.52,49387.78
S-100301,2024-11-26,North,Office Supplies,SAM PATEL,Retail,43.0,$352.78,10%,3.79,13652.59
S-100302,2024-01-04, south,electronics,Maria Gomez ,SMB,93.0,$310.73,0%,4.94,28897.89
S-100303,2024-12-24,North,Industrial,Maria Gomez ,Retail,63.0,$218.32,0%,4.82,13754.16
S-100304,2024-08-05, south, furniture,Lena Park,Enterprise,86.0,$356.73,10%,4.47,27610.9
S-100305,2024-02-26,West ,Home Goods,Lena Park,Government,83.0,$303.58,10%,3.64,22677.43
S-100306,2024-04-30,Central,Electronics,john lee,retail ,100.0,$217.34,0%,3.54,21734.0
S-100307,2024-08-09,North, furniture,Lena Park,SMB,,$225.90,5%,3.92,0.0
S-100308,2024-05-06,EAST,Office Supplies,Maria Gomez ,Enterprise,9.0,$267.99,10%,4.13,2170.72
S-100309,2024-02-13,West ,Electronics,Lena Park,Retail,57.0,$169.29,10%,3.13,8684.58
S-100310,2024-09-23,Central,electronics,,SMB ,78.0,$240.38,15 %,4.37,15937.19
S-100311,2024-09-25,West ,Home Goods,SAM PATEL,SMB,,$266.22,5%,4.81,0.0
S-100312,2024-02-17, south,Home Goods,Aisha Karimova,Retail,32.0,$96.61,10%,4.42,2782.37
S-100313,2024-04-22,West ,Office Supplies,SAM PATEL,Retail,89.0,$223.91,10%,3.73,17935.19
S-100314,2024-04-07, south,electronics,Aisha Karimova,SMB ,100.0,$214.24,5%,3.66,20352.8
S-100315,2024-09-20,,Office Supplies,Lena Park,retail ,97.0,$327.39,0%,4.26,31756.83
S-100316,2024-10-19, south,Electronics,john lee,Enterprise,97.0,$83.22,0%,4.02,8072.34
S-100317,2024-10-17,West ,Electronics,SAM PATEL,Retail,118.0,$207.57,20%,4.34,19594.61
S-100318,2025-01-10,North,electronics,Lena Park,Retail,79.0,$199.05,5%,4.43,14938.7
S-100319,2024-11-03, south,,Aisha Karimova,Government,45.0,$321.61,10%,4.7,13025.21
S-100320,2024-05-08,Central,Electronics,Maria Gomez ,Retail,52.0,$236.30,10%,3.48,11058.84
S-100321,2024-02-13,West ,electronics,SAM PATEL,Retail,,$392.67,5%,4.22,0.0
S-100322,2024-09-02,EAST,Home Goods,Maria Gomez ,SMB,29.0,$296.29,20%,3.9,6873.93
S-100323,2025-01-01,Central,Industrial,Aisha Karimova,Government,72.0,$205.13,15 %,4.05,12553.96
S-100324,2025-01-25,Central,electronics,Aisha Karimova,SMB,69.0,$260.37,0%,4.58,17965.53
S-100325,2024-04-02, south,electronics,Maria Gomez ,Retail,80.0,$209.90,15 %,4.64,14273.2
S-100326,2024-04-04,EAST,Home Goods,SAM PATEL,,51.0,$313.05,10%,4.87,14369.0
S-100327,2024-01-15,EAST,Industrial,Maria Gomez ,Enterprise,89.0,$126.76,5%,4.33,10717.56
S-100328,2024-02-26,West ,Electronics,Aisha Karimova,Government,9.0,$169.99,15 %,4.04,1300.42
S-100329,2024-08-09, south,Industrial,Maria Gomez ,Government,90.0,$278.73,10%,3.96,22577.13
S-100330,2024-08-06, south,Electronics,john lee,Enterprise,97.0,$45.00 ,5%,3.15,4146.75
S-100331,,Central,Industrial,john lee,SMB,106.0,$52.83,,4.84,5599.98
S-100332,2024-05-03,Central,Electronics,SAM PATEL,SMB,110.0,$356.83,10%,3.92,35326.17
S-100333,2024-11-27,Central,Electronics,john lee,Enterprise,42.0,$228.09,10%,4.38,8621.8
S-100334,2024-07-03,,Electronics,Maria Gomez ,Enterprise,6.0,$79.87,0%,4.47,2334970.5348550994
S-100335,2024-11-19,West ,Office Supplies,Lena Park,SMB ,78.0,$-15.15,5%,3.42,-1122.62
S-100336,2025-01-20,Central, furniture,Maria Gomez ,Enterprise,11.0,$110.00,5%,3.59,
S-100337,2024-05-06,Central,Electronics,SAM PATEL,retail ,34.0,$238.33,10%,4.95,7292.9
S-100338,2024-03-22,EAST,Office Supplies,Aisha Karimova,SMB,84.0,$234.40,10%,4.26,17720.64
S-100339,2025-01-16,EAST,Office Supplies,Aisha Karimova,Enterprise,71.0,$293.82,15 %,3.78,17732.04
S-100340,2024-09-10, south,Home Goods,Aisha Karimova,SMB,73.0,$193.29,5%,4.03,13404.66
S-100341,2024-04-26,West ,Industrial,Lena Park,Government,90.0,$145.82,15 %,4.7,11155.23
S-100342,2024-09-05, south,electronics,Lena Park,Enterprise,20.0,$204.89,15 %,4.61,3483.13
S-100343,2024-07-25, south,Electronics,Aisha Karimova,Retail,95.0,$242.86,15 %,3.29,19610.94
S-100344,2024-12-28,EAST, furniture,john lee,Enterprise,70.0,$259.62,15 %,5.0,15447.39
S-100345,2024-04-12, south,Industrial,john lee,Enterprise,50.0,$172.92,20%,4.63,6916.8
S-100346,2025-01-31,North,Electronics,SAM PATEL,SMB ,56.0,$316.62,0%,4.02,17730.72
S-100347,2025-01-09,Central,Office Supplies,SAM PATEL,SMB,61.0,$187.18,15 %,3.44,9705.28
S-100348,2024-03-13,Central,Industrial,SAM PATEL,Enterprise,66.0,$166.07,,4.68,10960.62
S-100349,2024-03-06,North,Industrial,Lena Park,SMB,40.0,$193.90,10%,4.36,6980.4
S-100350,2024-08-01,North,Office Supplies,john lee,SMB,27.0,$331.36,5%,3.3,8499.38
S-100351,2024-01-18, south,Home Goods,SAM PATEL,Retail,21.0,$228.71,,3.97,4802.91
S-100352,2024-04-29,Central,Office Supplies,Maria Gomez ,Government,41.0,$180.97,0%,5.82,
S-100353,2024-06-23,Central,Home Goods,john lee,SMB ,32.0,$318.72,5%,4.11,9689.09
S-100354,2025-01-22,North,Electronics,Lena Park,SMB,,$422.13,0%,3.69,0.0
S-100355,2025-01-31,Central,Electronics,Aisha Karimova,SMB,109.0,$257.82,10%,3.55,25292.14
S-100356,2024-03-01,North,electronics,SAM PATEL,Retail,13.0,$344.88,5%,5.07,4259.27
S-100357,2024-12-22, south, furniture,SAM PATEL,Enterprise,37.0,$328.07,10%,4.57,10924.73
S-100358,2024-02-06,,Home Goods,Lena Park,SMB,6.0,$188.52,20%,4.87,904.9
S-100359,2024-10-26,North, furniture,Maria Gomez ,Enterprise,116.0,$242.26,10%,4.24,25291.94
S-100360,2024-12-04,North,Industrial,john lee,Retail,84.0,$130.98,10%,4.79,9902.09
S-100361,2024-12-22,EAST,Home Goods,Lena Park,Enterprise,29.0,$222.58,20%,3.63,5163.86
S-100362,2024-03-30,West ,Office Supplies,Lena Park,retail ,50.0,$186.77,15 %,4.19,7937.72
S-100363,2024-12-23,Central,Home Goods,Maria Gomez ,Enterprise,87.0,$205.75,5%,4.26,17005.24
S-100364,2024-02-16,, furniture,Lena Park,Enterprise,114.0,$176.26,0%,4.86,20093.64
S-100365,2024-07-26,North,Office Supplies,john lee,Retail,69.0,$215.60,10%,4.28,13388.76
S-100366,2024-07-06,North,Electronics,SAM PATEL,SMB,33.0,$285.24,20%,3.76,7530.34
S-100367,2024-05-06,Central,Industrial,Lena Park,Government,83.0,$229.84,10%,4.14,17169.05
S-100368,2024-01-09, south,Industrial,john lee,Enterprise,82.0,$81.53,5%,3.18,6351.19
S-100369,2024-11-04,Central,Industrial,Maria Gomez ,Retail,77.0,$176.58,15 %,2.82,11557.16
S-100370,2024-05-14,West ,Industrial,Lena Park,SMB,6.0,$110.85,10%,4.56,598.59
S-100371,2024-09-21,North,Industrial,Lena Park,retail ,85.0,$260.75,10%,3.89,19947.38
S-100372,2024-06-13,Central, furniture,Lena Park,Enterprise,3.0,$282.78,20%,3.96,678.67
S-100373,2024-05-29,North,Industrial,john lee,Enterprise,108.0,$261.81,15 %,4.56,24034.16
S-100374,2024-12-20,EAST,electronics,,Retail,105.0,$173.07,10%,4.87,16355.12
S-100375,2024-02-07,EAST,Office Supplies,Aisha Karimova,Enterprise,68.0,$260.98,10%,4.39,15971.98
S-100376,2024-10-21,EAST,electronics,Maria Gomez ,Government,77.0,$200.04,10%,5.16,13862.77
S-100377,2024-10-25,West , furniture,Maria Gomez ,Government,9.0,$143.25,10%,4.38,1160.32
S-100378,2024-05-31,West , furniture,Lena Park,Retail,105.0,$303.06,10%,4.27,28639.17
S-100379,2024-04-14,, furniture,Lena Park,retail ,33.0,$309.53,15 %,4.23,8682.32
S-100380,2024-01-03,,Electronics,SAM PATEL,SMB,32.0,$320.66,10%,3.39,9235.01
S-100381,2025-01-09,EAST,Office Supplies,SAM PATEL,Retail,85.0,$188.29,10%,4.63,14404.18
S-100382,2025-01-14,North,Industrial,Maria Gomez ,SMB,112.0,$340.25,0%,2.75,38108.0
S-100383,2024-04-06,West ,electronics,Maria Gomez ,Retail,59.0,$198.05,15 %,3.78,9932.21
S-100384,2024-01-13,,Office Supplies,Maria Gomez ,Retail,61.0,$295.55,10%,4.11,16225.7
S-100385,2024-02-19, south,Office Supplies,Aisha Karimova,Enterprise,66.0,$196.57,5%,3.67,12324.94
S-100386,2024-01-28,EAST,Office Supplies,Maria Gomez ,retail ,35.0,$220.96,5%,3.85,7346.92
S-100387,2024-11-28,EAST, furniture,Lena Park,Enterprise,71.0,$34.20,5%,5.11,2306.79
S-100388,2024-12-22,North,Industrial,SAM PATEL,Retail,115.0,$214.34,,4.71,24649.1
S-100389,2024-03-02,West ,Electronics,Lena Park,Enterprise,,$247.74,20%,3.72,0.0
S-100390,2024-10-25, south,Home Goods,Maria Gomez ,SMB,92.0,$205.15,10%,3.84,16986.42
S-100391,2024-03-12,Central,Home Goods,Maria Gomez ,Government,93.0,"$1,299.99",5%,3.4,114854.12
S-100392,2024-05-26,Central,electronics,Aisha Karimova,Government,102.0,$141.19,15 %,4.49,12241.17
S-100393,2024-08-27,Central,Industrial,john lee,SMB,87.0,$192.10,10%,3.96,15041.43
S-100394,2024-10-14,EAST, furniture,Maria Gomez ,Enterprise,110.0,$163.09,,3.02,17939.9
S-100395,2024-12-15, south,Industrial,john lee,Retail,86.0,$192.08,0%,4.16,16518.88
S-100396,2024-01-18,West ,Home Goods,Aisha Karimova,Enterprise,,$327.67,0%,4.34,0.0
S-100397,2024-03-19,Central,Home Goods,SAM PATEL,Retail,86.0,$365.63,10%,4.63,28299.76
S-100398,2024-04-22,EAST,Home Goods,Maria Gomez ,SMB,, 85 ,5%,4.06,0.0
S-100399,2024-05-04,Central,Industrial,Maria Gomez ,Retail,106.0,$178.54,10%,3.9,17032.72
S-100400,2025-02-03,North,,john lee,Government,118.0,$141.64,15 %,5.19,14206.49
S-100401,2024-11-06,Central,Office Supplies,Maria Gomez ,SMB,71.0,$351.03,0%,4.1,24923.13
S-100402,2024-05-08,North,Home Goods,Maria Gomez ,Enterprise,85.0,$335.29,5%,4.5,27074.67
S-100403,2025-01-23,North,Home Goods,Maria Gomez ,SMB,116.0,$230.99,10%,3.8,24115.36
S-100404,2024-07-18,EAST,Office Supplies,SAM PATEL,retail ,46.0,$121.33,20%,4.48,4464.94
S-100405,2024-07-19,North,Industrial,Aisha Karimova,Retail,15.0,$128.93,10%,3.3,1740.56
S-100406,2024-06-22,North,Office Supplies,Lena Park,SMB ,106.0,$254.50,5%,3.85,25628.15
S-100407,2024-02-27,North,electronics,Aisha Karimova,Government,76.0,$286.69,10%,3.44,19609.6
S-100408,2025-01-08,EAST,Electronics,Maria Gomez ,Retail,51.0,$64.38,10%,3.77,2955.04
S-100409,2024-01-06,Central, furniture,john lee,Government,86.0,$212.69,15 %,4.79,15547.64
S-100410,2024-03-10,North,Industrial,Maria Gomez ,SMB,4.0,$377.56,10%,3.76,1359.22
S-100411,2024-04-01,West ,Office Supplies,john lee,Retail,57.0,$221.51,5%,4.5,11994.77
S-100412,2024-04-21,Central,Office Supplies,Lena Park,SMB,32.0,$366.62,15 %,4.93,9972.06
S-100413,2024-02-22,North, furniture,Maria Gomez ,Retail,35.0,$295.17,10%,4.08,9297.86
S-100414,2024-01-08,North,Office Supplies,SAM PATEL,Retail,116.0,$147.84,0%,4.65,17149.44
S-100415,2024-09-28,Central,Home Goods,john lee,Enterprise,66.0,$215.12,10%,4.39,12778.13
S-100416,2025-01-22,Central,Industrial,Aisha Karimova,retail ,17.0,$229.06,20%,4.16,3115.22
S-100417,2024-02-18,EAST,Electronics,Maria Gomez ,Government,44.0,$159.04,15 %,4.51,5948.1
S-100418,2024-04-28,Central,electronics,Maria Gomez ,Enterprise,29.0,$157.56,5%,5.11,4340.78
S-100419,2024-07-21,North,Office Supplies,Maria Gomez ,Government,109.0,$368.08,15 %,3.75,34102.61
S-100420,2025-01-06, south,electronics,,Enterprise,35.0,$156.92,5%,3.57,5217.59
S-100421,2024-10-04,West ,Office Supplies,SAM PATEL,Government,43.0,$331.67,10%,3.54,12835.63
S-100422,2024-11-02, south,Office Supplies,,SMB,40.0,$202.90,10%,4.65,7304.4
S-100423,2024-08-20,West ,Office Supplies,john lee,SMB,21.0,$237.82,5%,4.72,4744.51
S-100424,2024-06-15,EAST,electronics,Lena Park,SMB,93.0,$287.76,5%,3.8,25423.6
S-100425,2024-03-20,West ,Office Supplies,Maria Gomez ,SMB ,69.0,$189.12,20%,2.93,10439.42
S-100426,2024-12-11,EAST,Office Supplies,SAM PATEL,Retail,53.0,$288.27,5%,3.73,14514.39
S-100427,2024-11-17, south,Home Goods,,Enterprise,48.0,$66.05,15 %,4.4,2694.84
S-100428,2024-01-11,North,Home Goods,SAM PATEL,Government,80.0,,10%,4.06,0.0
S-100429,2024-10-13,North, furniture,Lena Park,SMB,12.0,$30.17,10%,4.2,325.84
S-100430,2024-02-03,West ,Home Goods,SAM PATEL,Government,111.0,$220.72,0%,3.81,24499.92
S-100431,2024-10-22,North,Industrial,Aisha Karimova,SMB,68.0,$312.61,5%,4.66,20194.61
S-100432,2024-11-26,North,Electronics,SAM PATEL,Retail,28.0,$292.90,0%,4.29,8201.2
S-100433,2024-02-22,North,electronics,Maria Gomez ,Enterprise,65.0,$129.64,10%,4.42,7583.94
S-100434,2024-06-22,North, furniture,Lena Park,SMB,102.0,$140.58,,4.19,14339.16
S-100435,2024-02-19,Central,Home Goods,Lena Park,Retail,21.0,$181.46,20%,4.39,3048.53
S-100436,2024-08-14, south, furniture,Aisha Karimova,Retail,,$255.83,0%,4.35,0.0
S-100437,2025-01-06,,Home Goods,Aisha Karimova,Retail,72.0,$67.29,5%,3.59,4602.64
S-100438,2024-02-02,North, furniture,Aisha Karimova,Government,97.0,$238.88,0%,4.31,
S-100439,2024-06-08,West ,Office Supplies,Maria Gomez ,Government,68.0,$266.47,,4.54,18119.96
S-100440,2025-01-24,EAST,Industrial,Aisha Karimova,SMB,88.0,$215.94,5%,4.74,18052.58
S-100441,2024-04-30, south,Office Supplies,SAM PATEL,Retail,93.0,$284.65,5%,,25148.83
S-100442,2024-02-22,Central,Industrial,Maria Gomez ,SMB,107.0,$259.02,10%,3.57,
S-100443,2024-07-14,,,Lena Park,Government,44.0,$193.96,10%,3.65,7680.82
S-100444,2024-07-22,Central,Industrial,john lee,Government,84.0,$75.42,5%,3.86,6018.52
S-100445,2024-09-22,North,Electronics,Maria Gomez ,retail ,30.0,$251.34,10%,4.2,6786.18
S-100446,2024-05-05, south,Home Goods,Aisha Karimova,Retail,101.0,$158.99,0%,4.03,
S-100447,2025-01-17,West ,Electronics,Lena Park,SMB ,114.0,$190.84,0%,3.48,21755.76
S-100448,2024-07-27, south,Office Supplies,Aisha Karimova,Government,36.0,"1,950",0%,3.48,70200.0
S-100449,2024-04-24,West ,Industrial,Aisha Karimova,Retail,67.0,$360.47,5%,2.95,22943.92
S-100450,2025-01-19,EAST,Home Goods,john lee,Government,98.0,$236.76,,2.38,23202.48
S-100451,2025-01-04,EAST,Office Supplies,Lena Park,Retail,4.0,$287.10,10%,4.03,1033.56
S-100452,2024-07-18,Central,Office Supplies,Aisha Karimova,Retail,84.0,,15 %,5.38,0.0
S-100453,2024-01-10,West ,Home Goods,SAM PATEL,Government,98.0,$260.87,5%,5.09,24287.0
S-100454,2024-08-26,North,Home Goods,SAM PATEL,SMB,104.0,$234.91,15 %,3.56,20766.04
S-100455,2024-08-10,North,Office Supplies,SAM PATEL,SMB,24.0,$344.48,,4.18,8267.52
S-100456,2024-02-29,West ,Industrial,Aisha Karimova,SMB ,91.0,$194.06,5%,3.29,16776.49
S-100457,2024-09-10,EAST, furniture,Aisha Karimova,Government,94.0,$219.46,,3.38,2250196.994806552
S-100458,2024-12-02, south,Electronics,Maria Gomez ,Retail,1.0,$330.00,10%,3.44,297.0
S-100459,2024-02-12,EAST,electronics,john lee,Enterprise,84.0,$232.18,15 %,3.98,16577.65
S-100460,2024-10-16,West ,,SAM PATEL,Government,75.0,$145.75,5%,4.0,10384.69
S-100461,,Central, furniture,john lee,SMB,116.0,$456.89,10%,4.24,47699.32
S-100462,2024-10-26,EAST, furniture,Maria Gomez ,,6.0,$148.32,10%,4.46,800.93
S-100463,2024-06-16, south,Electronics,Aisha Karimova,Enterprise,115.0,$234.50,,3.91,26967.5
S-100464,2024-01-03, south,Industrial,Maria Gomez ,Retail,68.0,$269.47,20%,4.12,14659.17
S-100465,2025-01-21,EAST, furniture,Aisha Karimova,Retail,33.0,$262.75,5%,3.5,8237.21
S-100466,2024-03-07, south,Office Supplies,SAM PATEL,Government,,$223.87,20%,3.36,0.0
S-100467,2024-08-26,EAST,,Aisha Karimova,,92.0,$224.30,20%,3.28,16508.48
S-100468,2024-03-13,West ,Electronics,,Retail,119.0,$220.03,10%,4.46,23565.21
S-100469,2025-01-08,North,electronics,SAM PATEL,Retail,38.0,$145.15,0%,3.91,5515.7
S-100470,2024-10-22,North,Office Supplies,Aisha Karimova,Government,118.0,$422.77,0%,3.07,49886.86
S-100471,2024-11-17,North,Home Goods,Aisha Karimova,Retail,75.0,$221.30,0%,4.07,16597.5
S-100472,2024-06-21,Central, furniture,john lee,Retail,23.0,$290.74,0%,3.41,6687.02
S-100473,2024-07-05,West ,Office Supplies,Aisha Karimova,Government,72.0,$211.55,,5.01,15231.6
S-100474,2024-09-10,North,Electronics,john lee,Government,96.0,$209.85,5%,,19138.32
S-100475,2024-11-09,Central,Home Goods,Lena Park,Government,7.0,$201.29,15 %,4.47,1197.68
S-100476,2024-12-04,EAST,Home Goods,SAM PATEL,Enterprise,,$108.26,10%,4.7,0.0
S-100477,2024-01-08,EAST,Electronics,Aisha Karimova,SMB,1.0,$226.35,10%,3.57,203.72
S-100478,2024-09-22,Central,Office Supplies,Maria Gomez ,SMB ,68.0,$205.40,5%,4.14,13268.84
S-100479,2024-02-13,North,Industrial,john lee,retail ,7.0,$339.58,10%,4.4,2139.35
S-100480,2024-04-25,North,Electronics,,retail ,111.0,$138.28,10%,4.16,13814.17
S-100481,2024-11-27,EAST, furniture,Aisha Karimova,Government,16.0,$190.94,10%,4.3,2749.54
S-100482,03/15/2024,North,electronics,SAM PATEL,Enterprise,9.0,$163.63,5%,3.37,1399.04
S-100483,2024-11-14,West , furniture,Lena Park,Government,31.0,$362.62,15 %,4.4,9555.04
S-100484,2024-07-04,North, furniture,Aisha Karimova,Retail,91.0,$166.10,0%,3.83,15115.1
S-100485,2024-04-03,North,Office Supplies,Aisha Karimova,SMB ,320.0,$287.80,10%,4.29,82886.4
S-100486,2024-05-13,North,Electronics,john lee,Enterprise,30.0,$322.46,5%,4.61,9190.11
S-100487,2024-07-31,EAST,Office Supplies,Lena Park,Enterprise,62.0,$227.58,5%,4.47,13404.46
S-100488,2024-11-02,North,Home Goods,Maria Gomez ,SMB ,93.0,$122.97,15 %,4.29,9720.78
S-100489,2024-08-30,North,electronics,SAM PATEL,SMB,95.0,$124.05,0%,4.45,11784.75
S-100490,2025-01-08,Central,Electronics,Lena Park,Enterprise,19.0,$313.08,20%,4.48,4758.82
S-100491,2024-12-13, south,Industrial,Lena Park,Enterprise,100.0,$132.85,20%,4.92,10628.0
S-100492,2024-10-28, south,Electronics,Maria Gomez ,Government,104.0,$273.32,5%,4.08,27004.02
S-100493,2024-08-29,North,Home Goods,Maria Gomez ,Government,88.0,$249.72,5%,4.19,20876.59
S-100494,2024-04-25, south,Office Supplies,SAM PATEL,Enterprise,63.0,$272.06,0%,4.61,17139.78
S-100495,2024-06-14, south,Home Goods,john lee,Retail,47.0,$280.08,20%,3.83,10531.01
S-100496,2024-02-17,West , furniture,Lena Park,Retail,106.0,$160.64,10%,3.37,15325.06
S-100497,2024-05-29,North,Electronics,Aisha Karimova,SMB ,103.0,$157.08,0%,4.37,16179.24
S-100498,2025-01-05,Central,Office Supplies,Aisha Karimova,,62.0,$300.77,10%,3.99,16782.97
S-100499,2024-06-19,Central,Electronics,Lena Park,,89.0,$186.51,0%,3.44,16599.39
S-100500,2024-02-15,North, furniture,john lee,Retail,48.0,$6.24,10%,4.38,269.57
S-100501,2024-09-17,North,Home Goods,Aisha Karimova,SMB,89.0,$295.14,10%,4.89,23640.71
S-100502,03/15/2024,North,Industrial,Aisha Karimova,Government,11.0,$151.92,0%,3.2,1671.12
S-100503,2024-12-12,West ,Electronics,Maria Gomez ,Government,108.0,$279.71,15 %,4.66,25677.38
S-100504,2024-04-19,North,Industrial,Lena Park,Retail,62.0,$358.39,5%,2.7,21109.17
S-100505,2024/08/03,Central,Home Goods,Aisha Karimova,Enterprise,72.0,"1,950",10%,3.88,126360.0
S-100506,2024-07-31,West ,Industrial,Aisha Karimova,Retail,23.0,$324.64,10%,5.11,6720.05
S-100507,2024-04-09,Central,Home Goods,Maria Gomez ,SMB,63.0,$253.07,,3.92,15943.41
S-100508,2024-04-17,EAST,Home Goods,Lena Park,Retail,1.0,$374.93,10%,4.15,337.44
S-100509,2024-04-04,,Office Supplies,john lee,Retail,106.0,$149.72,20%,4.52,12696.26
S-100510,2025-02-01,North,electronics,Lena Park,Retail,90.0,$239.30,5%,3.16,20460.15
S-100511,2024-10-25, south,Industrial,Lena Park,SMB ,55.0,$297.22,20%,4.14,13077.68
S-100512,2024-12-02, south,Electronics,john lee,Government,100.0,$223.82,5%,4.14,21262.9
S-100513,2024-11-22,Central, furniture,Lena Park,SMB ,97.0,$337.94,15 %,5.12,27863.15
S-100514,2025-01-18,EAST,Electronics,SAM PATEL,SMB,15.0,$203.28,0%,3.42,3049.2
S-100515,2024-02-12,Central,Industrial,Maria Gomez ,SMB,7.0,$415.90,,3.89,2911.3
S-100516,2024-12-18,North,Office Supplies,Maria Gomez ,SMB,31.0,$420.39,,3.59,13032.09
S-100517,2024-01-27,,Home Goods,Lena Park,Enterprise,1.0,$263.98,5%,3.53,250.78
S-100518,2024-07-09,EAST,Industrial,Lena Park,SMB,69.0,,10%,4.72,0.0
S-100519,2024-08-25,EAST,,SAM PATEL,Government,63.0,$341.29,10%,4.11,19351.14
S-100520,2024-05-23,,Electronics,,Government,65.0,$139.09,5%,3.79,8588.81
S-100521,2024-02-28, south,Home Goods,Maria Gomez ,Government,9.0,$128.48,10%,3.82,1040.69
S-100522,2024-03-17, south,Industrial,Lena Park,retail ,110.0,$346.80,15 %,3.79,32425.8
S-100523,2024-11-25,EAST,Electronics,Lena Park,SMB,117.0,$263.29,10%,3.84,27724.44
S-100524,2024-05-07,North,Home Goods,john lee,Retail,71.0,"$1,299.99",0%,3.4,3666834.8682540082
S-100525,2024-05-04, south, furniture,Aisha Karimova,Retail,1.0,$240.95,20%,3.96,192.76
S-100526,2025-01-04,North,electronics,Maria Gomez ,Enterprise,,$37.19,0%,3.9,0.0
S-100527,2024-02-27,North,Office Supplies,Lena Park,SMB,86.0,$223.80,10%,3.68,17322.12
S-100528,2025-01-01,Central, furniture,john lee,Government,90.0,$175.99,0%,4.19,3684469.6270787604
S-100529,2025-01-03,EAST,Electronics,SAM PATEL,Retail,29.0,$318.04,0%,4.23,9223.16
S-100530,2024-08-27, south,Electronics,Aisha Karimova,,,$324.58,0%,3.79,0.0
S-100531,2024-03-07, south,Electronics,john lee,,116.0,$289.02,5%,4.02,31850.0
S-100532,2024-03-03,EAST,electronics,SAM PATEL,SMB,61.0,"$1,299.99",10%,5.29,71369.45
S-100533,2024-04-23,West , furniture,Aisha Karimova,Government,46.0,"1,950",10%,5.27,80730.0
S-100534,2024-08-18,Central, furniture,Lena Park,retail ,63.0,$290.20,10%,3.52,16454.34
S-100535,2024-03-02,Central,Home Goods,Aisha Karimova,Government,4.0,$293.50,10%,3.6,1056.6
S-100536,2024-07-01, south,Home Goods,Lena Park,Government,63.0,$345.84,0%,3.52,21787.92
S-100537,2024-02-16, south,Office Supplies,john lee,Government,,$420.05,0%,4.68,0.0
S-100538,2024-08-04,EAST,Industrial,,Government,5.0,$96.13,10%,3.88,432.58
S-100539,2024-01-09,EAST,Office Supplies,SAM PATEL,SMB,66.0,$206.98,10%,4.23,12294.61
S-100540,2024-10-10,EAST,Industrial,Aisha Karimova,Government,61.0,$176.91,10%,5.2,9712.36
S-100541,,West ,Electronics,Aisha Karimova,Enterprise,118.0,$254.66,5%,4.09,28547.39
S-100542,2024-03-18,EAST,Home Goods,Aisha Karimova,Retail,61.0,$241.14,15 %,4.49,12503.11
S-100543,2024-03-10, south,,SAM PATEL,Retail,117.0,$220.10,0%,4.39,25751.7
S-100544,2024-11-28, south,Industrial,Lena Park,Government,97.0,$327.35,10%,3.78,28577.66
S-100545,2024-01-22, south,electronics,Maria Gomez ,Enterprise,41.0,$146.38,0%,4.68,6001.58
S-100546,2024-06-20,North,electronics,Maria Gomez ,SMB,111.0,$151.50,10%,3.63,15134.85
S-100547,2024-08-24,North, furniture,SAM PATEL,SMB ,58.0,$152.94,5%,4.84,8426.99
S-100548,2024-07-25,West ,Home Goods,Maria Gomez ,Enterprise,71.0,$209.37,15 %,3.78,12635.48
S-100549,2024-09-29, south,Home Goods,SAM PATEL,SMB,12.0,$135.57,0%,3.84,1626.84
S-100550,2024-11-17,North,,Maria Gomez ,SMB,26.0,$235.87,10%,3.5,5519.36
S-100551,2024-06-06,EAST,Office Supplies,SAM PATEL,Enterprise,63.0,$225.93,0%,3.59,14233.59
S-100552,2024-11-27,West ,Electronics,,Government,33.0,$173.15,10%,3.87,5142.56
S-100553,2024-05-07, south,electronics,john lee,Enterprise,72.0,$314.27,0%,2.76,22627.44
S-100554,2025-01-28,Central,Electronics,Aisha Karimova,SMB,10.0,$234.94,0%,3.97,2349.4
S-100555,2024-07-20,Central, furniture,Aisha Karimova,Government,30.0,$330.33,15 %,3.82,8423.41
S-100556,2024-10-21,West , furniture,Maria Gomez ,Enterprise,80.0,"1,950",0%,4.53,156000.0
S-100557,2024-12-16,West ,Home Goods,john lee,Government,73.0,$237.94,5%,4.33,16501.14
S-100558,2024-11-13,North,Electronics,Lena Park,Retail,118.0,$192.16,15 %,3.71,19273.65
S-100559,2024-12-06,Central,Electronics,SAM PATEL,Government,108.0,$239.40,15 %,3.85,21976.92
S-100560,2024-08-02, south,Electronics,Maria Gomez ,SMB,97.0,$300.54,20%,3.97,23321.9
S-100561,2024-01-18,Central,Industrial,Lena Park,Retail,1.0,$205.04,5%,4.92,2769051.482800263
S-100562,03/15/2024,EAST,Home Goods,john lee,Enterprise,72.0,$284.07,10%,,2479304.0494939736
S-100563,2024-03-13,North,Electronics,Lena Park,Enterprise,28.0,$170.92,15 %,3.7,4067.9
S-100564,2024-12-21,North,Electronics,Aisha Karimova,SMB,32.0,$304.52,0%,3.48,9744.64
S-100565,2024-04-04,West ,electronics,SAM PATEL,Government,25.0,$190.71,15 %,3.28,4052.59
S-100566,2024-04-01,EAST, furniture,Lena Park,retail ,55.0,$312.39,0%,4.27,17181.45
S-100567,2024-04-09,North,electronics,Lena Park,Retail,15.0,$245.18,20%,4.21,2942.16
S-100568,2024-09-14,West ,Office Supplies,Lena Park,SMB,64.0,$369.28,10%,4.81,21270.53
S-100569,2024-08-16,Central,Industrial,Maria Gomez ,SMB,20.0,$141.90,10%,4.67,2554.2
S-100570,2025-01-14,EAST, furniture,Lena Park,Enterprise,60.0,$114.52,10%,5.42,6184.08
S-100571,2024-06-15,EAST,Home Goods,Maria Gomez ,Government,75.0,$187.62,5%,,13367.92
S-100572,2024-04-22,North,Electronics,SAM PATEL,Government,22.0,$122.31,5%,3.96,2556.28
S-100573,2024-01-20,Central,Industrial,Aisha Karimova,Retail,13.0,$122.47,15 %,3.38,1353.29
S-100574,2024-01-03, south,,john lee,SMB,96.0,$292.83,10%,4.48,25300.51
S-100575,,Central,Home Goods,Maria Gomez ,Retail,,$239.64,10%,4.17,0.0
S-100576,2025-01-05, south,Office Supplies,Aisha Karimova,Enterprise,574.0,$199.23,5%,4.46,108640.12
S-100577,2024-07-28,EAST, furniture,SAM PATEL,retail ,106.0,$207.11,15 %,3.47,18660.61
S-100578,2024-12-23, south,Home Goods,Lena Park,SMB,27.0,$189.23,5%,4.29,4853.75
S-100579,2024-02-10,North,Home Goods,Lena Park,Government,111.0,$380.28,5%,4.21,40100.53
S-100580,2024-02-07,Central, furniture,Aisha Karimova,Enterprise,,$177.48,20%,4.18,0.0
S-100581,2024-11-29,EAST,Office Supplies,Lena Park,retail ,79.0,$127.62,10%,3.72,9073.78
S-100582,2024-02-12,EAST,Office Supplies,Aisha Karimova,SMB,3.0,$307.66,10%,4.75,830.68
S-100583,2024-01-21,,Industrial,Maria Gomez ,Enterprise,24.0,$221.66,,5.23,5319.84
S-100584,2024-06-10,,Home Goods,Lena Park,SMB,, 85 ,5%,3.49,0.0
S-100585,2025-01-04,Central,electronics,Aisha Karimova,Retail,544.0,$195.27,20%,4.5,84981.5
S-100586,2024-10-02,North,electronics,Aisha Karimova,Government,55.0,$311.91,15 %,2.52,14581.79
S-100587,2024-02-09,West , furniture,Aisha Karimova,SMB,28.0,$331.99,10%,4.47,8366.15
S-100588,2024-11-30,Central,Office Supplies,Maria Gomez ,SMB,12.0,$195.69,5%,3.07,2230.87
S-100589,2024-12-03, south,Electronics,Lena Park,Retail,115.0,$176.85,0%,3.81,20337.75
S-100590,2024-11-16,North,Home Goods,Aisha Karimova,SMB,117.0,$303.02,5%,3.38,33680.67
S-100591,2024-12-27,Central,Office Supplies,Aisha Karimova,SMB,115.0,$288.87,0%,3.98,33220.05
S-100592,2024-04-05,EAST,Office Supplies,Maria Gomez ,retail ,19.0,$120.10,0%,4.56,2281.9
S-100593,2025-01-26,EAST, furniture,john lee,Enterprise,46.0,$144.08,10%,3.08,5964.91
S-100594,03/15/2024,, furniture,SAM PATEL,SMB,39.0,$24.40,15 %,3.9,808.86
S-100595,2024-11-16,West ,electronics,Lena Park,Government,39.0,$290.61,0%,3.82,11333.79
S-100596,2024-08-19,EAST, furniture,Lena Park,SMB ,50.0,$217.74,15 %,4.97,9253.95
S-100597,2024-11-07, south,Electronics,Lena Park,Retail,61.0,$226.22,20%,4.34,11039.54
S-100598,2024-09-08,EAST,Home Goods,Maria Gomez ,Retail,58.0,$96.23,15 %,3.45,4744.14
S-100599,2024-09-13,North,Office Supplies,Lena Park,Government,35.0,$146.66,15 %,3.84,4363.13
S-100600,2024-09-03,Central,Office Supplies,Aisha Karimova,,117.0,$199.37,15 %,4.96,19827.35
S-100601,2024-11-07,Central,Office Supplies,Aisha Karimova,Government,117.0,$182.85,5%,4.49,20323.78
S-100602,2024-10-22, south,Home Goods,SAM PATEL,Retail,40.0,$250.02,5%,3.59,9500.76
S-100603,2024-02-23, south, furniture,Aisha Karimova,retail ,27.0,$289.59,20%,,6255.14
S-100604,2024-11-26,Central,Home Goods,Lena Park,Retail,64.0,$432.92,10%,3.97,24936.19
S-100605,2024-08-02,North,Industrial,SAM PATEL,Government,44.0,$238.30,15 %,3.8,8912.42
S-100606,2024-05-09,EAST,Home Goods,Lena Park,Enterprise,118.0,$334.81,,3.16,39507.58
S-100607,2024-07-24,EAST,Office Supplies,john lee,SMB,52.0,$45.00 ,5%,,2223.0
S-100608,2025-01-21,West ,Home Goods,Maria Gomez ,SMB,5.0,$97.63,5%,4.86,463.74
S-100609,2024-12-09,North,Office Supplies,SAM PATEL,retail ,15.0,$210.05,10%,3.89,2835.68
S-100610,2024-11-29,West ,Office Supplies,john lee,Enterprise,9.0,$104.19,0%,4.04,937.71
S-100611,2024-07-04, south,Office Supplies,Maria Gomez ,Retail,46.0,$241.25,10%,4.18,9987.75
S-100612,2024-11-09,West , furniture,SAM PATEL,Enterprise,38.0,$173.66,15 %,5.32,5609.22
S-100613,2024-06-03,North,Electronics,,Government,102.0,$73.89,10%,4.1,6783.1
S-100614,2024-10-01,EAST,Office Supplies,SAM PATEL,Enterprise,106.0,$387.56,5%,4.7,39027.29
S-100615,2024-09-12,EAST,Electronics,Aisha Karimova,SMB,17.0,$194.31,15 %,,2807.78
S-100616,2024-04-09,North,Office Supplies,Maria Gomez ,Government,113.0,$100.80,0%,3.96,11390.4
S-100617,2024-04-16,North,electronics,SAM PATEL,Enterprise,70.0,$316.34,20%,4.11,17715.04
S-100618,2024-01-25,North,Industrial,Aisha Karimova,Retail,37.0,$178.07,0%,3.67,6588.59
S-100619,2024-02-25, south,Electronics,Maria Gomez ,Retail,49.0,$332.66,20%,3.99,13040.27
S-100620,2024-06-22,North,electronics,john lee,Enterprise,53.0,$177.66,10%,4.59,
S-100621,2024-07-10,Central,Office Supplies,Aisha Karimova,retail ,21.0,$194.02,5%,3.66,3870.7
S-100622,2024-03-07, south,Electronics,Maria Gomez ,Retail,104.0,$269.31,10%,4.1,25207.42
S-100623,2024-06-15,Central, furniture,Aisha Karimova,Retail,2.0,$290.42,5%,4.49,551.8
S-100624,2024-08-29,,Electronics,SAM PATEL,Retail,9.0,$305.32,10%,3.65,2473.09
S-100625,2024-04-03,North, furniture,Aisha Karimova,SMB,33.0,$232.37,20%,4.7,6134.57
S-100626,2024-05-15,West , furniture,SAM PATEL,Enterprise,18.0,$284.93,15 %,4.14,4359.43
S-100627,2024-05-27,Central,Office Supplies,Aisha Karimova,Retail,,$303.38,0%,4.01,0.0
S-100628,2024-07-21,West ,Office Supplies,Lena Park,Enterprise,46.0,$257.05,10%,3.0,10641.87
S-100629,2024-05-26,EAST,Electronics,Aisha Karimova,retail ,45.0,$227.87,20%,3.89,8203.32
S-100630,03/15/2024,EAST,Electronics,Maria Gomez ,retail ,15.0,$117.15,15 %,4.3,1493.66
S-100631,2024-05-10,North,Electronics,john lee,Retail,97.0,$290.93,5%,5.06,26809.2
S-100632,2024-06-22,EAST,electronics,john lee,Government,106.0,$243.58,0%,4.41,25819.48
S-100633,2024-05-31,, furniture,Maria Gomez ,SMB ,86.0,$204.84,20%,4.72,14092.99
S-100634,2024-03-14,Central,electronics,Lena Park,SMB,63.0,$348.61,5%,3.43,20864.31
S-100635,2024-10-01,North, furniture,Lena Park,Retail,113.0,$118.63,5%,4.03,12734.93
S-100636,2024-04-04,West ,Electronics,john lee,retail ,42.0,$379.74,15 %,4.77,13556.72
S-100637,2024-04-28, south,Industrial,Aisha Karimova,Retail,51.0,$238.11,5%,3.61,11536.43
S-100638,2024-11-13,Central,Electronics,SAM PATEL,Government,2.0,$266.99,20%,4.63,427.18
S-100639,2025-01-14,North,Electronics,SAM PATEL,Retail,85.0,$206.42,0%,4.5,17545.7
S-100640,2024-09-25,Central,Electronics,john lee,,12.0,$98.30,15 %,4.25,1002.66
S-100641,2025-01-01,Central,,Lena Park,Enterprise,80.0,$228.13,,3.92,18250.4
S-100642,2024-12-07,North,electronics,Maria Gomez ,SMB,94.0,$268.45,,3.56,25234.3
S-100643,2024-07-11,North,electronics,SAM PATEL,Government,26.0,$297.48,20%,5.08,6187.58
S-100644,2024-11-04,Central,,john lee,Retail,73.0,$223.17,20%,4.45,13033.13
S-100645,2024-05-11,North,Electronics,Maria Gomez ,Government,37.0,$53.63,5%,4.29,1885.09
S-100646,2024-07-03,EAST,,Aisha Karimova,Retail,48.0,$108.96,,3.87,5230.08
S-100647,2024-08-02,Central, furniture,SAM PATEL,Government,64.0,$414.42,20%,4.12,21218.3
S-100648,2025-01-19,EAST,electronics,Aisha Karimova,SMB,30.0,$147.13,10%,4.19,3972.51
S-100649,2024-12-05, south,Office Supplies,Lena Park,Retail,95.0,$361.30,5%,4.32,32607.32
S-100650,2024-07-14,EAST,Office Supplies,Lena Park,Government,47.0,$160.60,0%,4.5,7548.2
S-100651,2024-09-18,North,Industrial,SAM PATEL,Retail,55.0,$224.49,10%,3.67,11112.26
S-100652,2024-03-21,,Electronics,Aisha Karimova,Retail,97.0,$293.14,15 %,3.29,24169.39
S-100653,2024-11-17, south,,john lee,Government,28.0,$170.28,5%,4.15,4529.45
S-100654,2024-08-09,North,Office Supplies,Maria Gomez ,SMB,54.0,$375.34,5%,3.14,19254.94
S-100655,2024-08-01, south,electronics,SAM PATEL,Government,119.0,$246.44,10%,3.92,26393.72
S-100656,2024-11-02,,,Lena Park,Enterprise,48.0,$279.17,0%,3.82,13400.16
S-100657,2024-09-10,North,Electronics,john lee,Enterprise,14.0,$217.25,,4.37,3041.5
S-100658,2024-01-29,Central,Industrial,Lena Park,retail ,34.0,$295.99,5%,5.19,9560.48
S-100659,2024-04-25,West ,electronics,Aisha Karimova,Retail,114.0,$374.20,0%,3.03,42658.8
S-100660,2024-03-11,Central,Home Goods,john lee,,91.0,$228.84,0%,5.35,20824.44
S-100661,2024-10-20,,Electronics,Aisha Karimova,Retail,97.0,$387.03,20%,3.97,30033.53
S-100662,2024-01-15,Central,Office Supplies,SAM PATEL,SMB,31.0,$188.01,20%,4.29,4662.65
S-100663,2024-03-21,Central,Home Goods,Aisha Karimova,retail ,100.0,$304.95,0%,3.32,30495.0
S-100664,2024/08/03,North,Office Supplies,john lee,retail ,47.0,$281.57,0%,,13233.79
S-100665,2024-10-04,Central,Electronics,Lena Park,Enterprise,95.0,$149.17,5%,,13462.59
S-100666,2024-07-20,EAST, furniture,Maria Gomez ,Government,105.0,$258.17,5%,4.07,25752.46
S-100667,2024-12-10,EAST,Industrial,Aisha Karimova,Government,25.0,$240.63,15 %,3.03,5113.39
S-100668,2025-01-02,Central,Electronics,Aisha Karimova,Government,112.0,$167.48,0%,4.14,18757.76
S-100669,2024-02-22,,Home Goods,Maria Gomez ,retail ,76.0,$270.43,10%,4.57,18497.41
S-100670,2025-01-16,West ,,john lee,SMB,87.0,$252.43,5%,3.97,20863.34
S-100671,2024-09-02,EAST,Electronics,Aisha Karimova,Retail,91.0,$233.83,10%,4.75,19150.68
S-100672,2024-09-11,EAST,Electronics,SAM PATEL,Government,21.0,$234.17,5%,4.72,4671.69
S-100673,2024-02-08, south,Home Goods,john lee,retail ,89.0,$232.35,0%,3.75,20679.15
S-100674,2024-09-05, south,Electronics,SAM PATEL,Enterprise,26.0,$208.75,5%,4.98,5156.12
S-100675,2024-10-17, south,electronics,john lee,Retail,33.0,$251.89,0%,4.12,8312.37
S-100676,2024-08-20,North,Home Goods,Aisha Karimova,Government,14.0,$185.27,0%,4.13,2593.78
S-100677,2024-02-03,North,electronics,Aisha Karimova,Government,22.0,"1,950",,4.15,42900.0
S-100678,2024-07-28,Central,Office Supplies,john lee,Government,117.0,$120.21,5%,4.14,13361.34
S-100679,2025-01-09,EAST,Home Goods,Aisha Karimova,Retail,40.0,$190.30,5%,2.65,7231.4
S-100680,2024-10-16,Central,electronics,john lee,,576.0,$197.01,0%,4.0,113477.76
S-100681,2024-02-24,West , furniture,Lena Park,retail ,58.0,$413.44,15 %,3.35,20382.59
S-100682,2025-01-18,North,electronics,Lena Park,retail ,85.0,,20%,4.99,0.0
S-100683,2025-01-18,North,Industrial,john lee,retail ,69.0,$276.20,15 %,4.97,16199.13
S-100684,2024-03-08,North,Home Goods,Maria Gomez ,retail ,64.0,$261.11,10%,4.57,15039.94
S-100685,2024-11-16,,Office Supplies,Maria Gomez ,SMB,100.0,$268.36,15 %,3.97,22810.6
S-100686,2024-06-11,North, furniture,Lena Park,Retail,60.0,$345.09,5%,3.55,19670.13
S-100687,2024-08-25,EAST,Electronics,john lee,SMB,92.0,$343.35,20%,3.74,25270.56
S-100688,2024-06-27,Central, furniture,john lee,Enterprise,109.0,$201.67,15 %,5.17,18684.73
S-100689,2024-11-09,,Electronics,john lee,Government,81.0,$256.49,0%,3.72,20775.69
S-100690,2025-02-02, south,,Aisha Karimova,Enterprise,5.0,$81.55,10%,2.8,366.98
S-100691,2024-11-14,North, furniture,john lee,Enterprise,32.0,$248.42,5%,4.67,7551.97
S-100692,2025-01-07,North,Home Goods,Lena Park,Retail,74.0,$172.51,0%,4.93,12765.74
S-100693,2025-01-13,North,Electronics,Lena Park,Government,57.0,$224.16,20%,5.01,10221.7
S-100694,2024-02-06,North, furniture,Aisha Karimova,Retail,34.0,$96.74,0%,4.67,3289.16
S-100695,2024-04-11,EAST,Office Supplies,Maria Gomez ,retail ,40.0,$274.41,15 %,4.76,9329.94
S-100696,2024-10-15,Central, furniture,john lee,Retail,10.0,$95.79,,4.13,957.9
S-100697,2024-08-24,EAST,Home Goods,Maria Gomez ,Enterprise,28.0,$252.60,10%,2.96,6365.52
S-100698,2024-01-21,West ,Industrial,Maria Gomez ,SMB,94.0,$135.75,5%,4.12,12122.47
S-100699,2024-02-08,North,Industrial,Aisha Karimova,Enterprise,2.0,$167.78,10%,,302.0
S-100700,2024-07-27,Central,Electronics,Lena Park,SMB,100.0,"$1,299.99",15 %,4.03,110499.15
S-100701,2024-09-03,West ,Home Goods,,SMB,41.0,$289.97,5%,4.0,11294.33
S-100702,2024-03-08,Central,Electronics,SAM PATEL,SMB,97.0,$337.68,5%,3.57,31117.21
S-100703,2024-03-09,Central,Industrial,SAM PATEL,Retail,31.0,$372.58,10%,,10394.98
S-100704,2024-02-21, south,Office Supplies,Maria Gomez ,SMB,99.0,$174.31,20%,5.11,13805.35
S-100705,2024-08-13,North, furniture,john lee,Enterprise,69.0,$367.41,5%,5.13,24083.73
S-100706,2024-01-04, south,Electronics,Aisha Karimova,SMB,102.0,$115.43,5%,4.1,11185.17
S-100707,2024-08-16,EAST,Electronics,SAM PATEL,Retail,8.0,$303.42,,4.25,2427.36
S-100708,2024-07-09,Central, furniture,Aisha Karimova,Enterprise,95.0,$198.07,0%,3.56,18816.65
S-100709,2024/08/03, south,Industrial,Lena Park,retail ,33.0,$160.92,0%,4.45,5310.36
S-100710,2024-09-28,Central,Home Goods,Maria Gomez ,Retail,43.0,$292.23,10%,5.07,11309.3
S-100711,2024-07-28,EAST,,Maria Gomez ,Retail,6.0,$320.32,0%,3.26,1921.92
S-100712,2024-10-18,North,Electronics,john lee,SMB,114.0,$317.80,5%,4.36,34417.74
S-100713,2024-11-01, south,electronics,,retail ,77.0,$258.26,10%,4.4,17897.42
S-100714,2025-01-03,West , furniture,Aisha Karimova,Enterprise,117.0,$251.22,10%,4.39,26453.47
S-100715,2024-11-15,West ,electronics,Aisha Karimova,retail ,68.0,$284.78,10%,5.0,17428.54
S-100716,2024-07-26,EAST, furniture,Aisha Karimova,Government,19.0,$265.82,5%,5.22,4798.05
S-100717,2024-07-15, south, furniture,SAM PATEL,retail ,41.0,$286.02,10%,3.97,10554.14
S-100718,2024-04-04,West ,electronics,,Enterprise,53.0,$257.34,10%,4.47,12275.12
S-100719,2024-08-27,North,Electronics,john lee,Government,18.0,$311.64,15 %,4.15,
S-100720,2024-02-25,Central,Office Supplies,Lena Park,SMB,111.0,,15 %,3.75,0.0
S-100721,2025-01-07,North,electronics,john lee,Retail,114.0,$228.84,10%,4.25,23478.98
S-100722,2024-12-04,North,Electronics,SAM PATEL,SMB,68.0,$122.37,20%,4.47,6656.93
S-100723,2024-02-17,EAST,Industrial,Aisha Karimova,,70.0,$263.52,20%,4.22,14757.12
S-100724,2024-11-10,EAST,Office Supplies,Maria Gomez ,,84.0,$379.56,0%,3.62,31883.04
S-100725,2024-02-16,EAST,Home Goods,SAM PATEL,Retail,81.0,$199.70,,3.85,16175.7
S-100726,2024-10-15,EAST,electronics,Maria Gomez ,Government,8.0,$250.82,20%,3.85,1605.25
S-100727,2024-02-05,,Home Goods,john lee,SMB,,$304.30,5%,3.64,0.0
S-100728,2024-07-14,EAST,Home Goods,Lena Park,Retail,93.0,$64.24,0%,4.27,5974.32
S-100729,2024-09-20,EAST,Industrial,,Enterprise,96.0,$195.62,10%,4.33,16901.57
S-100730,03/15/2024,EAST,electronics,Maria Gomez ,SMB,71.0,"$1,299.99",5%,4.64,87684.33
S-100731,,North, furniture,SAM PATEL,SMB,107.0,$-6.24,15 %,3.63,-567.53
S-100732,2025-01-03,West ,Electronics,Lena Park,Government,70.0,$156.97,10%,3.78,2434517.4593267157
S-100733,2024-11-05, south,electronics,john lee,SMB,46.0,$333.57,0%,4.96,15344.22
S-100734,2024-03-24,West ,Electronics,Lena Park,Enterprise,53.0,$325.25,5%,4.01,16376.34
S-100735,2024-09-25,North, furniture,john lee,SMB,83.0,$271.82,20%,4.12,18048.85
S-100736,2024-10-19,,Electronics,Lena Park,Retail,106.0,$314.99,0%,4.0,33388.94
S-100737,2024-05-13,EAST,electronics,Aisha Karimova,SMB,28.0,$258.28,15 %,4.72,6147.06
S-100738,2024-10-22,Central,Electronics,john lee,SMB ,35.0,$287.21,5%,4.74,9549.73
S-100739,2024-12-25,EAST,electronics,Maria Gomez ,SMB,78.0,$213.17,10%,4.71,14964.53
S-100740,2024-11-22,North,Home Goods,Maria Gomez ,Retail,91.0,$249.84,10%,4.11,20461.9
S-100741,2024-11-01,Central,Industrial,Lena Park,Enterprise,,$186.25,5%,3.62,0.0
S-100742,2024-09-10,West , furniture,,,,"1,950",10%,5.16,0.0
S-100743,2024-04-18,Central,electronics,Aisha Karimova,SMB ,1.0,"1,950",15 %,4.57,1657.5
S-100744,2024-11-14,EAST,electronics,john lee,Enterprise,,$357.29,0%,3.85,0.0
S-100745,2024-05-25,West ,Office Supplies,john lee,SMB,114.0,$205.31,5%,4.88,22235.07
S-100746,2024-07-31,Central,electronics,Maria Gomez ,Enterprise,69.0,$158.93,15 %,3.81,9321.24
S-100747,2024-05-05,West , furniture,Maria Gomez ,Government,104.0,$348.54,15 %,4.88,30810.94
S-100748,2024-05-05, south,,Lena Park,Government,26.0,$286.23,10%,4.91,6697.78
S-100749,2024-03-04,West ,Electronics,Lena Park,Government,35.0,$267.93,15 %,3.59,7970.92
S-100750,03/15/2024,West ,Industrial,Aisha Karimova,SMB,117.0,$186.14,0%,4.42,21778.38
S-100751,2024-02-29,,electronics,Maria Gomez ,Retail,119.0,$276.18,0%,4.53,32865.42
S-100752,2024-02-04, south, furniture,SAM PATEL,Enterprise,105.0,$147.75,10%,5.54,13962.38
S-100753,2024/08/03,EAST,Home Goods,Maria Gomez ,Retail,38.0,$293.90,15 %,3.69,9492.97
S-100754,2024-08-10,Central,Electronics,Aisha Karimova,Retail,96.0,$357.21,15 %,4.89,29148.34
S-100755,2024-06-24,EAST,Home Goods,Maria Gomez ,SMB,55.0,$378.64,5%,,19783.94
S-100756,2024-10-21,West ,electronics,Maria Gomez ,Enterprise,467.0,$300.22,10%,3.42,126182.47
S-100757,2024-06-02,EAST,Electronics,Aisha Karimova,Government,102.0,$122.53,10%,4.03,11248.25
S-100758,2024-02-21,North,Electronics,SAM PATEL,Government,52.0,$256.77,5%,4.1,12684.44
S-100759,2024-10-18,West ,Home Goods,john lee,Government,37.0,$421.87,10%,3.52,14048.27
S-100760,2024-03-11,North, furniture,SAM PATEL,Government,117.0,$166.17,10%,4.27,17497.7
S-100761,2024/08/03,North,Industrial,Maria Gomez ,Enterprise,54.0,$234.97,5%,4.63,12053.96
S-100762,2025-01-14,West ,Home Goods,Lena Park,Retail,52.0,$360.15,5%,4.23,17791.41
S-100763,2025-01-09,West ,Home Goods,Aisha Karimova,Enterprise,80.0,$292.46,5%,3.8,22226.96
S-100764,03/15/2024,Central, furniture,Aisha Karimova,Retail,112.0,$450.81,20%,4.02,3186237.3268421097
S-100765,2024-11-08, south,Home Goods,john lee,Retail,16.0,$177.71,5%,4.1,2701.19
S-100766,2024-09-02,North,Industrial,Maria Gomez ,Retail,118.0,$155.87,0%,4.22,18392.66
S-100767,2024-07-10,Central,Electronics,john lee,Government,51.0,$344.05,0%,4.71,17546.55
S-100768,2024-02-25,North, furniture,Lena Park,Government,4.0,$138.35,0%,4.25,553.4
S-100769,2024-05-30,North, furniture,john lee,SMB ,37.0,$223.27,5%,3.33,7847.94
S-100770,2024-09-17, south,Office Supplies,Aisha Karimova,,56.0,$234.42,10%,3.79,2331799.890036977
S-100771,2025-01-29,EAST,Home Goods,Maria Gomez ,Government,81.0,"$1,299.99",0%,4.19,105299.19
S-100772,2024-01-02,Central,Office Supplies,Lena Park,Retail,68.0,$292.21,5%,4.72,18876.77
S-100773,2024-10-14,Central,electronics,Lena Park,Government,17.0,$278.85,0%,4.81,4740.45
S-100774,2024-12-04,West , furniture,SAM PATEL,Government,59.0,$205.79,5%,5.08,11534.53
S-100775,2025-01-15,North,Electronics,Maria Gomez ,Government,28.0,$343.28,0%,4.17,9611.84
S-100776,2024-06-18, south, furniture,SAM PATEL,Retail,33.0,"1,950",10%,4.52,57915.0
S-100777,2024-02-17,EAST,Industrial,SAM PATEL,Retail,85.0,$298.76,10%,3.3,22855.14
S-100778,2024-04-18,North,electronics,john lee,SMB ,96.0,$248.47,15 %,4.34,20275.15
S-100779,2024-12-06, south,Office Supplies,Maria Gomez ,Retail,19.0,$129.68,5%,3.51,2340.72
S-100780,2024-12-17, south,Home Goods,Lena Park,SMB,72.0,$185.81,20%,,10702.66
S-100781,2024-09-11,North,Electronics,john lee,SMB,51.0,$221.83,15 %,,9616.33
S-100782,2024-02-19,EAST, furniture,SAM PATEL,Retail,41.0,$194.56,0%,4.27,7976.96
S-100783,2024-02-18,West , furniture,Maria Gomez ,Retail,85.0,$238.63,5%,3.62,19269.37
S-100784,2024-07-10,North,,Maria Gomez ,,30.0,$391.13,15 %,4.32,9973.81
S-100785,2024-08-23,EAST,Home Goods,Aisha Karimova,Government,92.0,$346.01,5%,3.82,30241.27
S-100786,2024-01-13,Central,electronics,SAM PATEL,SMB ,48.0,$226.50,5%,3.57,10328.4
S-100787,2024-10-01,West ,Electronics,Lena Park,retail ,12.0,$137.30,10%,5.26,1482.84
S-100788,2024-08-05,Central,Electronics,Aisha Karimova,Retail,95.0,$353.68,0%,4.69,33599.6
S-100789,2024-01-05,EAST,electronics,john lee,SMB,102.0,$235.83,,4.29,24054.66
S-100790,2024-02-08,Central,Office Supplies,Aisha Karimova,SMB,68.0,$93.25,0%,3.88,6341.0
S-100791,2024-06-30, south,Industrial,Aisha Karimova,Retail,87.0,$300.56,0%,3.93,26148.72
S-100792,2024-10-16, south,Home Goods,,Government,18.0,$327.18,0%,4.95,5889.24
S-100793,2024-11-26,North,Office Supplies,Maria Gomez ,,41.0,$33.80,5%,4.27,1316.51
S-100794,2024-06-21,EAST,Home Goods,john lee,SMB,42.0,$169.91,20%,2.4,5708.98
S-100795,2024-04-28, south,,john lee,SMB,91.0,$230.61,15 %,5.43,17837.68
S-100796,2025-01-22, south,Office Supplies,,SMB,42.0,$302.43,20%,4.2,10161.65
S-100797,2024-07-02,West ,electronics,john lee,Retail,87.0,$196.16,10%,4.29,15359.33
S-100798,2024-05-06, south,Industrial,SAM PATEL,retail ,37.0,$169.27,5%,4.7,5949.84
S-100799,2024-06-25, south, furniture,john lee,SMB,72.0,$301.81,5%,4.36,20643.8
S-100800,2024-01-05,North,Industrial,Aisha Karimova,SMB,25.0,$200.19,0%,4.51,5004.75
S-100801,2024-04-30,EAST,Electronics,SAM PATEL,SMB,67.0,$286.07,20%,3.87,15333.35
S-100802,2024-07-25, south,electronics,Aisha Karimova,Government,10.0,$145.52,10%,3.42,1309.68
S-100803,2025-01-02, south,Home Goods,SAM PATEL,Retail,88.0,$45.00 ,10%,,3564.0
S-100804,2024-10-22, south,electronics,john lee,Retail,4.0,$304.20,10%,4.89,1095.12
S-100805,2024-11-08,Central,Office Supplies,SAM PATEL,Retail,119.0,$261.46,15 %,3.74,26446.68
S-100806,2024-08-05,Central,electronics,Lena Park,Retail,100.0,$318.41,5%,3.7,30248.95
S-100807,2024-02-14,EAST,Electronics,SAM PATEL,Enterprise,69.0,$194.73,15 %,4.77,11420.91
S-100808,2024-06-05,West , furniture,Aisha Karimova,Government,,$172.42,15 %,3.85,0.0
S-100809,2025-02-02,Central, furniture,SAM PATEL,Government,97.0,$355.66,20%,3.87,27599.22
S-100810,2024-01-18,,electronics,,Enterprise,,$110.55,0%,3.89,
S-100811,2024-12-17,West ,Office Supplies,john lee,SMB,89.0,$346.37,0%,,30826.93
S-100812,2024-09-30,Central, furniture,john lee,Retail,45.0,$352.24,10%,3.23,14265.72
S-100813,2024-04-23,Central,Industrial,Lena Park,SMB,102.0,$313.11,20%,3.8,25549.78
S-100814,2024-11-07,Central,Office Supplies,Aisha Karimova,SMB,103.0,$181.54,,4.23,18698.62
S-100815,2024-11-30,EAST,Office Supplies,SAM PATEL,Government,114.0,$170.60,10%,4.22,2635486.1197566544
S-100816,2024-01-18,North,Office Supplies,SAM PATEL,SMB,54.0,$222.15,5%,4.74,11396.3
S-100817,2024-02-12,North,Electronics,Aisha Karimova,Retail,23.0,$129.92,5%,5.11,2838.75
S-100818,2024-09-23,EAST,Home Goods,Maria Gomez ,retail ,15.0,$158.26,10%,4.93,2136.51
S-100819,2025-02-03,EAST,Office Supplies,Maria Gomez ,Retail,20.0,$294.80,5%,4.6,5601.2
S-100820,2024-01-10, south,Electronics,john lee,SMB ,119.0,$295.19,10%,4.02,31614.85
S-100821,2024-09-23,EAST,,Lena Park,Retail,70.0,$150.79,20%,3.76,8444.24
S-100822,2024-02-24,EAST,Home Goods,Aisha Karimova,Retail,42.0,$297.47,5%,4.11,11869.05
S-100823,2024-09-17,Central,Home Goods,john lee,Retail,54.0,$278.62,5%,4.42,14293.21
S-100824,2024-09-06,North,Industrial,Lena Park,Government,21.0,$368.34,0%,4.55,7735.14
S-100825,2024-02-06, south,Industrial,Aisha Karimova,SMB,68.0,$288.38,5%,4.44,18629.35
S-100826,2024-09-29,Central, furniture,Lena Park,Enterprise,51.0,$329.98,15 %,4.03,14304.63
S-100827,2024-12-24,Central,electronics,Aisha Karimova,SMB,95.0,$280.55,5%,4.53,25319.64
S-100828,2024-12-11,,electronics,Maria Gomez ,Retail,3.0,$323.29,0%,4.79,969.87
S-100829,2024-01-12,Central, furniture,Aisha Karimova,Government,111.0,$130.60,0%,4.58,14496.6
S-100830,2024-04-08,Central, furniture,SAM PATEL,Retail,8.0,"1,950",0%,4.08,15600.0
S-100831,2024-04-06, south,Electronics,Lena Park,Retail,50.0,$236.69,10%,3.64,10651.05
S-100832,2024-06-30, south,electronics,Lena Park,Enterprise,41.0,$219.28,10%,3.63,8091.43
S-100833,2024-02-27, south,Home Goods,,Retail,86.0,$277.73,10%,3.73,21496.3
S-100834,2024-12-07,West ,Home Goods,SAM PATEL,Retail,79.0,$293.92,10%,4.24,20897.71
S-100835,2024-11-06,Central, furniture,Lena Park,Government,24.0,$273.34,0%,4.39,6560.16
S-100836,2024-11-19, south, furniture,Maria Gomez ,SMB,59.0,$224.96,10%,3.32,11945.38
S-100837,2024-03-20,EAST,Office Supplies,Lena Park,retail ,64.0,$177.46,0%,,11357.44
S-100838,2024-01-06, south,electronics,SAM PATEL,SMB,56.0,$333.26,20%,4.23,14930.05
S-100839,2024-12-30,North,Industrial,Lena Park,Government,3.0,$269.73,0%,3.61,809.19
S-100840,2024-04-25,North,Industrial,john lee,Retail,22.0,$153.42,5%,4.34,3206.48
S-100841,2024-09-19,North,Industrial,Maria Gomez ,Retail,60.0,$223.54,0%,3.93,13412.4
S-100842,2024-12-29,Central,Industrial,SAM PATEL,Enterprise,31.0,$91.82,15 %,3.7,2419.46
S-100843,2024-01-15, south,,john lee,Enterprise,65.0,$243.01,0%,4.13,15795.65
S-100844,2024-01-03,Central,Office Supplies,john lee,,20.0,$223.14,20%,4.32,3570.24
S-100845,2024-01-03,West ,Electronics,,SMB,88.0,$191.17,0%,3.63,16822.96
S-100846,2024-03-03,North,Electronics,Maria Gomez ,Retail,23.0,$374.69,15 %,3.97,7325.19
S-100847,2024-01-21,North,Office Supplies,Aisha Karimova,SMB,78.0,$141.73,10%,4.36,9949.45
S-100848,2024-11-23,Central, furniture,john lee,Enterprise,100.0,$300.04,5%,3.68,28503.8
S-100849,2024-08-30, south,Electronics,Maria Gomez ,Retail,43.0,$425.87,5%,3.19,17396.79
S-100850,2025-01-27,Central,Industrial,SAM PATEL,SMB,17.0,$331.57,5%,3.25,
S-100851,2024-11-16,North,Electronics,Lena Park,Retail,1.0,$237.32,15 %,3.87,201.72
S-100852,2025-01-20,West ,Industrial,,Government,43.0,$143.60,20%,3.37,4939.84
S-100853,2024-04-05,Central,Home Goods,SAM PATEL,Government,14.0,$124.22,0%,3.91,1739.08
S-100854,2024-04-25, south,electronics,SAM PATEL,SMB,105.0,$205.02,5%,,20450.75
S-100855,2024-12-05, south,Home Goods,john lee,,116.0,$181.60,5%,3.34,20012.32
S-100856,2024-04-07,, furniture,Lena Park,,117.0,$178.84,0%,3.94,20924.28
S-100857,2024-01-23, south,electronics,john lee,Retail,110.0,$212.26,10%,5.27,21013.74
S-100858,2024-09-24,EAST,Electronics,Aisha Karimova,SMB,70.0,$231.31,5%,4.32,15382.12
S-100859,2024-11-16,EAST,Industrial,,Enterprise,39.0,$281.24,5%,3.9,10419.94
S-100860,2025-01-22, south, furniture,Lena Park,Retail,54.0,$134.79,20%,4.01,5822.93
S-100861,2025-01-06,Central, furniture,john lee,SMB,31.0,$182.01,15 %,4.34,4795.96
S-100862,2024-02-18,Central,Home Goods,SAM PATEL,retail ,100.0,$226.43,15 %,5.03,19246.55
S-100863,2024-11-04, south,electronics,Maria Gomez ,SMB ,52.0,$223.38,0%,3.81,11615.76
S-100864,2024-12-04,Central,Office Supplies,john lee,SMB,46.0,$396.10,20%,3.68,14576.48
S-100865,2024-10-06,North,electronics,john lee,Government,,$259.74,10%,3.34,
S-100866,2024-11-23,North,Electronics,Aisha Karimova,SMB,45.0,$102.84,10%,4.16,4165.02
S-100867,2024-12-01,EAST,Home Goods,Maria Gomez ,Retail,43.0,"$1,299.99",0%,3.33,55899.57
S-100868,2024-06-27,, furniture,Maria Gomez ,Government,28.0,$286.38,20%,3.84,6414.91
S-100869,2024-01-17,North, furniture,Maria Gomez ,Retail,9.0,$229.36,10%,3.6,1857.82
S-100870,2024-07-01,North,Electronics,john lee,Retail,5.0,$136.86,15 %,4.69,581.66
S-100871,2024-03-21,EAST, furniture,Lena Park,SMB,48.0,$389.43,10%,3.82,16823.38
S-100872,2024-02-15,Central, furniture,SAM PATEL,Enterprise,119.0,$149.06,15 %,4.32,15077.42
S-100873,2024-02-19,North,Office Supplies,Lena Park,SMB,32.0,$296.17,15 %,3.22,8055.82
S-100874,2024-10-05, south,Electronics,Aisha Karimova,Retail,77.0,$257.00,20%,4.17,15831.2
S-100875,2024-07-20,West ,Electronics,SAM PATEL,retail ,39.0,$291.07,5%,3.44,10784.14
S-100876,2024-08-03, south,electronics,Lena Park,retail ,37.0,$385.08,5%,3.87,13535.56
S-100877,2024-10-25,North,Electronics,john lee,Retail,20.0,$287.74,15 %,5.32,1927020.583697323
S-100878,2024-08-07,North,Home Goods,Aisha Karimova,SMB,68.0,$192.51,10%,4.61,11781.61
S-100879,2024-09-09,EAST,Industrial,john lee,Retail,79.0,$334.01,10%,4.03,23748.11
S-100880,2024-02-04,EAST,Office Supplies,john lee,retail ,42.0,$186.36,15 %,5.86,6653.05
S-100881,2024-12-06,Central,Industrial,Maria Gomez ,Enterprise,63.0,$253.90,10%,3.6,14396.13
S-100882,2024-06-28,West ,Electronics,john lee,Government,57.0,$130.09,15 %,4.74,6302.86
S-100883,2024-03-03,West ,Electronics,john lee,retail ,33.0,$152.17,5%,3.26,4770.53
S-100884,2024-11-21,,Home Goods,SAM PATEL,SMB,83.0,$244.37,20%,3.97,16226.17
S-100885,2024-10-20,EAST,Home Goods,Aisha Karimova,retail ,66.0,$271.29,0%,3.36,17905.14
S-100886,2024-01-22, south,Industrial,john lee,SMB ,8.0,$95.30,10%,4.24,686.16
S-100887,2024-03-18,Central,Electronics,SAM PATEL,Retail,59.0,$282.27,20%,4.13,13323.14
S-100888,2024-01-07, south,Home Goods,Aisha Karimova,Retail,47.0,$170.35,5%,3.93,7606.13
S-100889,2024-04-18,West ,Office Supplies,john lee,SMB,95.0,$348.77,5%,4.7,31476.49
S-100890,2024-02-09,West , furniture,john lee,Retail,37.0,$210.08,5%,3.79,7384.31
S-100891,2024-10-10,North,Electronics,Aisha Karimova,Retail,114.0,$144.49,10%,4.28,14824.67
S-100892,2024-07-28,EAST,,Maria Gomez ,Retail,74.0,$246.44,5%,4.55,17324.73
S-100893,2025-01-27,North,Electronics,Aisha Karimova,Enterprise,16.0,$162.12,0%,3.28,2593.92
S-100894,2024-10-26,North,Industrial,john lee,Enterprise,49.0,$347.86,20%,3.69,13636.11
S-100895,2024-09-01,EAST,electronics,,Enterprise,106.0,$240.05,5%,4.13,24173.04
S-100896,2024-07-22, south,Home Goods,Lena Park,Government,31.0,$227.11,10%,4.45,6336.37
S-100897,2024/08/03,Central,Home Goods,john lee,SMB,84.0,$290.30,10%,4.88,21946.68
S-100898,2024-01-29,Central,Industrial,john lee,SMB ,94.0,$154.58,0%,3.98,14530.52
S-100899,2024-09-03,Central,Electronics,Maria Gomez ,Government,83.0,$130.42,0%,3.93,10824.86
S-100900,2024-01-02, south,Electronics,Lena Park,Government,11.0,$274.71,,3.62,
S-100901,2024-01-17, south,electronics,Lena Park,Government,45.0,$146.53,10%,4.28,5934.46
S-100902,2024-03-28, south, furniture,Aisha Karimova,SMB,42.0,$146.50,0%,3.94,6153.0
S-100903,2024-12-19,North,Electronics,Aisha Karimova,retail ,,$311.12,15 %,3.95,0.0
S-100904,2024-07-02,Central,Electronics,Maria Gomez ,SMB,105.0,$45.00 ,10%,4.05,4252.5
S-100905,2024-10-10, south, furniture,Lena Park,Retail,1.0,$133.42,0%,4.4,133.42
S-100906,2024-06-13, south,Electronics,Lena Park,SMB,65.0,$187.37,10%,3.79,10961.14
S-100907,2024-03-10,Central,Electronics,Aisha Karimova,Retail,117.0,$163.18,10%,3.68,17182.85
S-100908,2024-05-28, south,Industrial,Maria Gomez ,Retail,105.0,$390.99,5%,4.34,39001.25
S-100909,2024-02-06,North, furniture,Aisha Karimova,SMB ,73.0,$317.01,20%,2.44,18513.38
S-100910,2024-11-04,North,,SAM PATEL,Enterprise,119.0,$204.23,5%,3.77,23088.2
S-100911,2024-03-14,West ,,Lena Park,Enterprise,48.0,$288.98,5%,3.47,13177.49
S-100912,2024-05-30,Central,Electronics,Maria Gomez ,SMB,73.0,$124.72,5%,4.76,8649.33
S-100913,,North,Home Goods,Aisha Karimova,Enterprise,,$182.83,15 %,3.86,0.0
S-100914,2024-08-24,Central,electronics,Maria Gomez ,Government,6.0,$248.91,15 %,3.79,1269.44
S-100915,2024-07-02,Central,Home Goods,Maria Gomez ,Enterprise,5.0,$278.44,20%,4.07,1113.76
S-100916,2024-08-05,Central,Electronics,Lena Park,Enterprise,107.0,$231.72,5%,3.77,23554.34
S-100917,2024-11-09, south,Electronics,john lee,SMB,21.0,$261.08,15 %,3.88,4660.28
S-100918,2024-04-11,North,Electronics,Lena Park,SMB,43.0,$246.66,10%,4.15,9545.74
S-100919,2024-09-11,Central,electronics,john lee,Enterprise,75.0,$226.10,5%,3.87,16109.62
S-100920,2024-12-15, south,,Aisha Karimova,,69.0,$214.83,0%,3.86,14823.27
S-100921,2024-08-16,West ,Home Goods,john lee,SMB,62.0,$203.77,15 %,3.54,10738.68
S-100922,2024-06-27,West ,Home Goods,Aisha Karimova,SMB,117.0,$259.71,5%,3.47,28866.77
S-100923,2024-02-28,North,,john lee,SMB,94.0,$274.92,10%,4.13,23258.23
S-100924,2024-04-09,Central,Home Goods,SAM PATEL,SMB,113.0,$256.86,10%,4.27,26122.66
S-100925,2025-01-13,Central,Electronics,Aisha Karimova,,79.0,$139.82,0%,3.31,11045.78
S-100926,2024-08-04,West ,Industrial,Aisha Karimova,Enterprise,117.0,$155.09,,4.52,18145.53
S-100927,2024-04-30,EAST,Office Supplies,Aisha Karimova,SMB,72.0,$273.90,15 %,4.52,16762.68
S-100928,2024-06-16,Central,Electronics,Aisha Karimova,SMB,65.0,$365.09,10%,4.64,
S-100929,2024-08-19,EAST,Office Supplies,Lena Park,SMB,98.0,$252.96,10%,4.26,22311.07
S-100930,2024-08-03,West ,Industrial,Lena Park,Retail,,$205.01,10%,4.45,0.0
S-100931,2024-10-06,Central, furniture,Aisha Karimova,SMB,679.0,$259.07,15 %,5.3,149522.25
S-100932,2024-04-12,West ,Office Supplies,Lena Park,Government,,$143.37,0%,3.93,0.0
S-100933,2024-09-16, south,Electronics,SAM PATEL,Enterprise,83.0,$351.26,5%,3.52,27696.85
S-100934,2024-06-26,North,Electronics,,Retail,107.0,$255.86,5%,3.26,26008.17
S-100935,2025-01-11, south,Electronics,john lee,Government,86.0,$183.10,10%,5.07,14171.94
S-100936,2024-03-04,EAST,Home Goods,john lee,Enterprise,111.0,$225.82,10%,5.07,22559.42
S-100937,2024-02-29,EAST,Industrial,Maria Gomez ,retail ,33.0,$195.20,0%,3.59,6441.6
S-100938,2024-07-03,EAST,Electronics,Lena Park,Enterprise,,$351.49,,3.7,0.0
S-100939,2024-07-22, south, furniture,SAM PATEL,Enterprise,24.0,$222.81,0%,3.92,5347.44
S-100940,2024-10-03,Central,Electronics,Maria Gomez ,Government,31.0,$253.21,0%,4.77,7849.51
S-100941,2024-06-10,Central,Electronics,john lee,Retail,26.0,$288.77,5%,,7132.62
S-100942,2024-12-31, south,electronics,SAM PATEL,Retail,53.0,$177.03,10%,3.02,8444.33
S-100943,2024-07-08,West ,Home Goods,Lena Park,SMB,24.0,$256.47,0%,5.29,6155.28
S-100944,2024-02-21,West ,electronics,Maria Gomez ,Retail,19.0,$263.33,10%,4.27,
S-100945,2024-02-17,EAST,Office Supplies,SAM PATEL,SMB,63.0,$107.90,15 %,4.35,5778.04
S-100946,2025-01-24,North,electronics,Maria Gomez ,Government,95.0,$261.48,0%,3.99,24840.6
S-100947,2024-02-23,Central,Electronics,Maria Gomez ,Retail,17.0,$236.11,,4.36,4013.87
S-100948,2025-01-14,,Electronics,Maria Gomez ,SMB,61.0,$251.05,5%,3.27,
S-100949,2024-04-21,West ,Industrial,Lena Park,,79.0,,10%,3.64,0.0
S-100950,2024-02-07,Central,Home Goods,,SMB,84.0,$262.03,0%,4.16,22010.52
S-100951,2024-05-01,,Industrial,Maria Gomez ,SMB,13.0,$353.67,15 %,,3908.05
S-100952,2024-09-02, south,Industrial,john lee,SMB,88.0,$139.74,20%,3.93,9837.7
S-100953,2024-06-20,West ,electronics,john lee,Retail,4.0,$210.92,0%,3.9,843.68
S-100954,2024-11-10,EAST,Industrial,Aisha Karimova,Retail,29.0,$296.66,0%,3.93,8603.14
S-100955,2024-09-01,,Office Supplies,john lee,Enterprise,38.0,$280.88,5%,3.8,10139.77
S-100956,2024-06-09,North,Electronics,Aisha Karimova,SMB,102.0,$279.05,0%,,28463.1
S-100957,2024-09-10,EAST,Electronics,Maria Gomez ,retail ,23.0,$474.05,,3.1,10903.15
S-100958,2025-01-23,Central,Electronics,Aisha Karimova,Retail,94.0,$292.20,10%,4.18,24720.12
S-100959,2024-06-13, south,Electronics,john lee,Government,118.0,$336.13,10%,3.93,35697.01
S-100960,2024-03-02,Central, furniture,Lena Park,Retail,115.0,$213.90,,3.34,24598.5
S-100961,2024-06-12, south,Home Goods,john lee,Government,,$155.60,20%,4.13,0.0
S-100962,2024-12-02,,Home Goods,SAM PATEL,SMB,12.0,$213.28,15 %,3.94,2175.46
S-100963,2024-03-28,Central,electronics,Lena Park,Enterprise,27.0,$300.52,5%,3.85,7708.34
S-100964,2025-01-14, south,Electronics,Maria Gomez ,retail ,92.0,$274.58,5%,2.91,23998.29
S-100965,,Central,Home Goods,Aisha Karimova,Retail,24.0,$274.28,5%,4.48,6253.58
S-100966,2024-08-28, south, furniture,john lee,SMB,77.0,$221.78,5%,3.42,16223.21
S-100967,2024-05-06,West ,Electronics,SAM PATEL,Enterprise,45.0,$208.23,5%,4.13,8901.83
S-100968,2025-01-03,West , furniture,Maria Gomez ,Retail,92.0,$224.71,0%,3.66,20673.32
S-100969,2024-01-15,Central, furniture,Aisha Karimova,SMB,73.0,"$1,299.99",5%,3.89,90154.31
S-100970,2024-04-29,North, furniture,Maria Gomez ,SMB,70.0,$311.46,5%,4.73,20712.09
S-100971,2024-06-16, south,Home Goods,Maria Gomez ,Retail,94.0,$154.47,5%,4.39,13794.17
S-100972,2024-07-09,West ,Home Goods,john lee,Enterprise,114.0,$304.80,0%,4.72,34747.2
S-100973,2024-07-08,EAST,Home Goods,SAM PATEL,Retail,44.0,$184.69,5%,4.28,
S-100974,2024-02-29,EAST,Electronics,Aisha Karimova,SMB,63.0,$279.86,10%,4.32,15868.06
S-100975,2024-03-31,North,Home Goods,john lee,Retail,75.0,$223.68,15 %,3.12,14259.6
S-100976,2024-02-08, south,Home Goods,Lena Park,SMB,98.0,$373.09,15 %,3.93,31078.4
S-100977,2024-08-16,Central,Electronics,john lee,retail ,58.0,$204.46,5%,3.98,11265.75
S-100978,2024-05-20,North,electronics,SAM PATEL,SMB,45.0, 85 ,0%,4.77,3825.0
S-100979,2024-08-14, south,Office Supplies,Maria Gomez ,SMB,101.0,$291.56,5%,3.82,27975.18
S-100980,2024-08-23,Central,Office Supplies,john lee,SMB ,114.0,$165.71,0%,4.25,18890.94
S-100981,2024-10-07,North,Electronics,Lena Park,SMB,68.0,$233.81,5%,4.22,15104.13
S-100982,2024-08-06,West ,Office Supplies,john lee,Government,13.0,$217.34,,4.74,2825.42
S-100983,2024-09-16, south,Electronics,john lee,Retail,35.0,$196.33,5%,4.03,6527.97
S-100984,2024-08-22,Central,Electronics,Lena Park,SMB,56.0,$202.62,5%,4.56,10779.38
S-100985,2024-09-17,West ,Electronics,SAM PATEL,Retail,84.0,$334.52,15 %,3.16,23884.73
S-100986,2024-09-03,Central,Industrial,SAM PATEL,SMB,80.0,$189.12,10%,3.21,13616.64
S-100987,2024/08/03,North, furniture,Aisha Karimova,Enterprise,98.0,$288.14,0%,2.84,28237.72
S-100988,2024-04-08,EAST, furniture,Aisha Karimova,Government,4.0,$266.74,0%,4.53,1066.96
S-100989,2024-11-10,Central, furniture,SAM PATEL,Enterprise,56.0,$121.26,20%,4.47,5432.45
S-100990,2024-05-17, south,Industrial,john lee,Enterprise,84.0,$284.13,0%,4.59,23866.92
S-100991,2024-08-07, south,electronics,john lee,Retail,118.0,$119.85,10%,3.73,12728.07
S-100992,2024-03-19,North,Industrial,Lena Park,Retail,17.0,$293.39,15 %,3.79,4239.49
S-100993,2024-06-21,Central, furniture,john lee,Government,105.0,$196.89,5%,4.03,19639.78
S-100994,2024-07-30,West ,Electronics,Aisha Karimova,Retail,1.0,$240.71,15 %,4.89,204.6
S-100995,2024-09-07,West ,electronics,Aisha Karimova,Retail,24.0,$129.99,0%,5.03,3119.76
S-100996,2024-07-29,West , furniture,Maria Gomez ,SMB ,101.0,$250.40,5%,4.54,24025.88
S-100997,2024-05-24,EAST,Home Goods,SAM PATEL,,94.0,$318.79,5%,4.28,28467.95
S-100998,2025-01-19,EAST,Industrial,Lena Park,Enterprise,116.0,$171.41,,4.83,19883.56
S-100999,2024-07-24,EAST,Office Supplies,Aisha Karimova,SMB,72.0,$188.39,5%,3.96,12885.88
S-101000,2024-11-19,West ,,Aisha Karimova,Government,,$278.64,0%,3.88,0.0
S-101001,2024-10-21,North,electronics,Maria Gomez ,Retail,64.0,$280.77,20%,4.03,
S-101002,2024-08-11,Central, furniture,john lee,SMB,,$33.09,0%,3.56,0.0
S-101003,2024-12-20,Central,Office Supplies,Maria Gomez ,SMB,62.0,$411.31,20%,4.0,20400.98
S-101004,2024-02-21, south,Electronics,Lena Park,SMB ,35.0,$284.93,10%,3.49,8975.3
S-101005,2025-01-03,EAST,Home Goods,Maria Gomez ,SMB ,102.0,$299.24,10%,4.66,27470.23
S-101006,2024-12-06,North,Electronics,Maria Gomez ,Enterprise,43.0,$227.80,15 %,4.4,8326.09
S-101007,2024-07-20,, furniture,,Retail,73.0,$82.29,15 %,,5106.09
S-101008,2024-10-20,Central,electronics,Aisha Karimova,SMB,80.0,$297.35,0%,3.2,23788.0
S-101009,2024-07-27,Central,Electronics,Lena Park,retail ,64.0,$191.96,,5.15,12285.44
S-101010,2024-04-17, south,Electronics,Maria Gomez ,Government,73.0,$286.23,20%,3.24,16715.83
S-101011,2024-11-15,North,Home Goods,Maria Gomez ,Retail,6.0,$221.40,20%,3.44,1062.72
S-101012,2024-04-08,North,Electronics,Lena Park,Retail,38.0,$260.23,10%,3.76,8899.87
S-101013,2024-05-05,North,Office Supplies,Maria Gomez ,Enterprise,54.0,$174.13,10%,4.82,8462.72
S-101014,2024-07-26,North, furniture,Maria Gomez ,SMB,47.0,$313.47,10%,4.22,13259.78
S-101015,2024-11-30,North, furniture,john lee,Government,109.0,$138.99,0%,3.97,15149.91
S-101016,2024-06-02,,Electronics,SAM PATEL,Retail,107.0,$430.87,10%,3.66,41492.78
S-101017,2024-07-16,North,Home Goods,Maria Gomez ,Government,85.0,$430.23,10%,3.34,32912.6
S-101018,2024-01-17,North,Industrial,john lee,Retail,42.0,$378.78,10%,4.72,14317.88
S-101019,2024-02-16,Central,Electronics,SAM PATEL,Retail,7.0,$348.42,5%,4.54,2316.99
S-101020,2024-01-23,EAST,Industrial,SAM PATEL,SMB,90.0,$232.81,10%,4.84,18857.61
S-101021,2024/08/03,Central,electronics,Maria Gomez ,Retail,,$339.16,10%,4.32,0.0
S-101022,2024-12-13,West ,electronics,Aisha Karimova,Enterprise,59.0,$231.82,5%,2.65,12993.51
S-101023,2024-12-02,Central,Home Goods,Maria Gomez ,Retail,99.0,$107.95,,3.42,10687.05
S-101024,2024-11-24,West ,Home Goods,Aisha Karimova,Retail,111.0,$367.77,15 %,4.36,34699.1
S-101025,2024-01-23,EAST,Home Goods,Aisha Karimova,Government,66.0,$335.95,0%,3.9,22172.7
S-101026,2024-02-01,West ,Office Supplies,Maria Gomez ,Retail,25.0, 85 ,0%,3.79,2125.0
S-101027,2024-04-22,EAST,Office Supplies,Aisha Karimova,Enterprise,3.0,$135.86,15 %,3.49,346.44
S-101028,2024-08-14, south, furniture,john lee,Government,91.0,$190.17,5%,4.62,16440.2
S-101029,2024-05-13,EAST,Electronics,SAM PATEL,Retail,67.0,$85.20,20%,4.35,4566.72
S-101030,2024-07-14,North,Home Goods,john lee,Government,19.0,$320.33,0%,4.38,6086.27
S-101031,2024-03-10,Central,Electronics,,retail ,7.0,$103.72,0%,3.75,726.04
S-101032,2024-10-19, south, furniture,Lena Park,SMB,116.0,$264.38,5%,4.2,29134.68
S-101033,2024-05-05,North,Electronics,SAM PATEL,Retail,39.0,$168.29,15 %,3.36,5578.81
S-101034,2024-01-27, south,Electronics,,Government,39.0,$118.73,,4.03,4630.47
S-101035,2024-10-24,Central,electronics,Lena Park,Enterprise,75.0,$260.26,20%,2.71,15615.6
S-101036,2024-12-27, south,electronics,john lee,SMB,44.0,$211.63,10%,3.24,8380.55
S-101037,2024-01-06,West ,Office Supplies,SAM PATEL,,109.0,$311.25,15 %,3.92,28837.31
S-101038,2024-06-23,Central,Electronics,Aisha Karimova,SMB,82.0,$132.25,0%,5.41,10844.5
S-101039,2024-11-26,North,Office Supplies,SAM PATEL,Government,,$175.63,10%,3.11,0.0
S-101040,2024-10-09,Central, furniture,Maria Gomez ,Enterprise,,$37.05,20%,3.42,0.0
S-101041,2024-12-08, south,Home Goods,Aisha Karimova,SMB ,103.0,$54.33,5%,4.22,5316.19
S-101042,,North,electronics,john lee,SMB ,71.0,$392.85,,5.07,27892.35
S-101043,2024-05-28,West ,Office Supplies,Lena Park,,110.0,$417.11,5%,4.21,43588.0
S-101044,2024-10-10,Central,Office Supplies,john lee,Retail,42.0,$247.88,0%,4.49,10410.96
S-101045,2024-03-02, south,,Aisha Karimova,Government,3.0,$169.97,10%,3.91,458.92
S-101046,2024-04-05,EAST,Home Goods,Aisha Karimova,Government,107.0,$214.63,20%,3.82,18372.33
S-101047,2024-08-28, south,Office Supplies,Maria Gomez ,Enterprise,29.0,$314.25,5%,4.15,8657.59
S-101048,2024-09-24,EAST,Office Supplies,Lena Park,retail ,661.0,$196.28,15 %,3.74,110279.92
S-101049,2024-02-17,West ,Electronics,SAM PATEL,,85.0,$260.20,0%,4.5,22117.0
S-101050,2024-07-22,West ,Industrial,Maria Gomez ,Retail,28.0,$238.92,15 %,3.22,5686.3
S-101051,2024-05-25,West , furniture,john lee,SMB,,$191.65,10%,4.59,0.0
S-101052,03/15/2024,North, furniture,Aisha Karimova,SMB,10.0,$195.27,0%,4.12,1952.7
S-101053,2025-01-18,West ,,Maria Gomez ,Retail,47.0,$264.93,15 %,,10583.95
S-101054,2024-01-31,West ,Home Goods,Lena Park,Government,43.0,$156.96,15 %,3.2,5736.89
S-101055,2025-02-02,West ,Electronics,SAM PATEL,Retail,79.0,$278.40,10%,3.56,19794.24
S-101056,2024-06-28,North,Electronics,Maria Gomez ,Enterprise,64.0,$199.92,5%,4.76,12155.14
S-101057,2024-11-04,EAST,Electronics,SAM PATEL,Government,73.0,$250.83,0%,,18310.59
S-101058,2024-06-18, south,electronics,Maria Gomez ,SMB,57.0,$357.64,,4.25,20385.48
S-101059,2024-05-04,North,Electronics,Maria Gomez ,Enterprise,89.0,$225.70,10%,,18078.57
S-101060,2024-11-04, south,Industrial,Maria Gomez ,Retail,20.0,$318.18,15 %,4.08,5409.06
S-101061,2024-10-02,EAST,Industrial,SAM PATEL,Government,86.0,$87.68,15 %,3.35,6409.41
S-101062,2024-02-27,West ,electronics,Maria Gomez ,SMB ,6.0,$200.02,15 %,4.15,1020.1
S-101063,2024-10-09, south,electronics,Lena Park,Retail,11.0,$242.35,0%,4.3,2665.85
S-101064,2024-10-28,Central, furniture,Maria Gomez ,Enterprise,87.0,$403.48,10%,4.28,31592.48
S-101065,2024-06-04,EAST,Electronics,Aisha Karimova,SMB,19.0,$73.40,10%,3.6,1255.14
S-101066,2025-01-05,Central,Home Goods,john lee,SMB,92.0,$231.82,0%,3.91,21327.44
S-101067,2024/08/03,EAST,Electronics,Maria Gomez ,Enterprise,16.0,$363.82,0%,4.4,5821.12
S-101068,2024-05-13,EAST,Electronics,Maria Gomez ,SMB,18.0,$173.27,10%,3.98,2806.97
S-101069,2024-01-05,West , furniture,Maria Gomez ,Enterprise,111.0,$221.91,20%,3.94,
S-101070,2024-09-26,Central,Electronics,SAM PATEL,Retail,22.0,$268.20,10%,5.15,5310.36
S-101071,2024-03-24,EAST,Office Supplies,john lee,SMB,109.0,"1,950",0%,,212550.0
S-101072,2024-10-29,EAST,Home Goods,SAM PATEL,Government,42.0,$373.09,,4.69,15669.78
S-101073,,West ,Home Goods,SAM PATEL,Retail,386.0,$278.12,0%,3.46,107354.32
S-101074,2024-07-05,West ,electronics,Maria Gomez ,Enterprise,112.0,$352.86,5%,4.46,37544.3
S-101075,2024-03-06,North,Industrial,Maria Gomez ,Retail,14.0,$209.40,,4.49,2931.6
S-101076,2024-10-11,EAST,Office Supplies,Aisha Karimova,Government,40.0,$177.06,15 %,3.82,6020.04
S-101077,,EAST,Industrial,Maria Gomez ,Enterprise,69.0,$220.81,20%,3.43,12188.71
S-101078,2024-06-16,Central,Office Supplies,Lena Park,SMB,103.0,$141.48,15 %,3.02,12386.57
S-101079,2024-11-30,EAST, furniture,Lena Park,retail ,23.0,$281.10,10%,3.76,5818.77
S-101080,2025-01-03,EAST,Industrial,SAM PATEL,SMB,23.0,$207.20,5%,4.39,4527.32
S-101081,2025-01-30,, furniture,john lee,SMB ,44.0,$182.90,5%,3.51,7645.22
S-101082,2025-01-18,EAST,Electronics,SAM PATEL,SMB,25.0,$282.39,20%,4.15,5647.8
S-101083,2024-08-10,North, furniture,SAM PATEL,SMB,32.0,$142.78,20%,3.29,3655.17
S-101084,2024-03-21,North,Office Supplies,john lee,Government,16.0,$305.49,5%,3.97,4643.45
S-101085,2024-12-01,North, furniture,Lena Park,SMB,99.0,$199.34,5%,3.47,18747.93
S-101086,2024-11-16,North,Office Supplies,Aisha Karimova,SMB,95.0,$338.52,5%,4.06,30551.43
S-101087,2025-01-31,EAST,Industrial,Aisha Karimova,SMB,18.0,$206.62,5%,3.82,3533.2
S-101088,2024-09-17,Central, furniture,Aisha Karimova,Retail,64.0, 85 ,20%,3.45,4352.0
S-101089,2024-02-26,West ,Office Supplies,Aisha Karimova,Enterprise,77.0,$255.26,0%,3.74,19655.02
S-101090,2024-07-20,North, furniture,Lena Park,Government,75.0,$303.23,5%,3.59,21605.14
S-101091,2024-06-28,EAST,Industrial,Maria Gomez ,SMB ,118.0,"1,950",20%,3.38,184080.0
S-101092,2024-12-03,North,Electronics,john lee,Government,77.0,$98.61,10%,4.7,6833.67
S-101093,2024-06-06,Central,Electronics,Maria Gomez ,SMB,605.0,$325.75,10%,3.9,177370.88
S-101094,2024-05-11,North,Office Supplies,Maria Gomez ,retail ,4.0,$232.55,5%,,883.69
S-101095,2024-02-02,West ,Home Goods,john lee,Enterprise,10.0,$307.11,0%,3.76,3071.1
S-101096,2024-11-30, south,Home Goods,Aisha Karimova,SMB ,74.0,$298.67,5%,4.6,20996.5
S-101097,2024-10-29,West ,electronics,SAM PATEL,Government,109.0,$174.27,0%,3.68,18995.43
S-101098,2024-01-17,EAST,Home Goods,Aisha Karimova,SMB,48.0,$162.24,0%,4.92,7787.52
S-101099,2024-06-22,West ,Office Supplies,Lena Park,Enterprise,77.0,$295.71,0%,3.63,22769.67
S-101100,2024-07-10, south,Electronics,john lee,Government,25.0,$214.22,5%,4.38,5087.72
S-101101,2024-07-06,Central,Electronics,SAM PATEL,SMB ,55.0,$319.60,0%,4.67,17578.0
S-101102,2025-01-02,EAST,Electronics,Lena Park,Government,90.0,$224.85,,4.35,20236.5
S-101103,2024-03-01,West , furniture,Aisha Karimova,SMB,79.0,$326.99,0%,3.34,25832.21
S-101104,2024-05-02,Central,Office Supplies,Aisha Karimova,retail ,14.0,$275.98,5%,3.58,3670.53
S-101105,2024-03-13,, furniture,Lena Park,SMB,105.0,$264.48,20%,4.74,22216.32
S-101106,2024-04-07, south,electronics,Maria Gomez ,SMB,111.0,$208.21,0%,3.66,23111.31
S-101107,2024-12-28, south,Office Supplies,SAM PATEL,SMB ,57.0,$259.76,10%,4.64,13325.69
S-101108,2025-01-11, south,Home Goods,Aisha Karimova,SMB,41.0,$341.39,20%,3.86,11197.59
S-101109,2024-01-18, south,Home Goods,john lee,SMB,64.0,$235.39,10%,4.18,13558.46
S-101110,2024-09-09,EAST, furniture,Maria Gomez ,SMB,96.0,$45.00 ,5%,3.34,4104.0
S-101111,2024-04-03,, furniture,Lena Park,Enterprise,54.0,$243.94,15 %,3.77,11196.85
S-101112,2024-03-18,,electronics,john lee,SMB,4.0,$250.59,10%,3.62,902.12
S-101113,2024-04-26,EAST,electronics,Lena Park,Retail,9.0,$386.49,5%,4.22,3304.49
S-101114,2024-03-18,West , furniture,SAM PATEL,Government,97.0,$342.15,0%,4.15,33188.55
S-101115,2024-07-15,Central, furniture,Aisha Karimova,SMB,94.0,$246.75,0%,4.35,23194.5
S-101116,2025-02-02,Central,Home Goods,john lee,SMB,92.0,$258.23,15 %,3.83,3949232.8165226798
S-101117,2024-08-22,North,electronics,john lee,Retail,16.0,$180.34,5%,3.59,2741.17
S-101118,2024-10-16,EAST,Electronics,Maria Gomez ,SMB,21.0,$225.30,0%,,4731.3
S-101119,2024-07-16,Central,Office Supplies,SAM PATEL,Enterprise,47.0,$266.30,10%,3.53,11264.49
S-101120,2024-01-06, south,Industrial,Maria Gomez ,Government,28.0,$312.30,20%,4.69,6995.52
S-101121,2024-02-03,EAST,Electronics,john lee,Retail,47.0,$303.68,0%,4.04,14272.96
S-101122,2024-04-17,,Industrial,SAM PATEL,,67.0,$145.71,0%,3.92,9762.57
S-101123,2024-04-07,,Electronics,SAM PATEL,Enterprise,34.0,$323.04,5%,4.35,10434.19
S-101124,2024-12-02,Central,Office Supplies,Maria Gomez ,retail ,15.0,$232.45,10%,4.06,3138.08
S-101125,2024-12-03,Central,Office Supplies,Maria Gomez ,Retail,48.0,$156.11,10%,3.19,6743.95
S-101126,03/15/2024, south,Electronics,john lee,retail ,86.0,$353.59,20%,3.52,24326.99
S-101127,2024-09-12, south,Industrial,SAM PATEL,Government,74.0,$364.38,0%,4.68,26964.12
S-101128,2024-08-10,EAST,Office Supplies,john lee,retail ,39.0,$262.42,5%,4.15,9722.66
S-101129,2024-09-16,EAST,Industrial,john lee,SMB,38.0,$300.25,5%,3.18,10839.02
S-101130,2024-06-11,EAST, furniture,Aisha Karimova,Enterprise,70.0,$305.23,5%,4.29,20297.8
S-101131,2024-09-25,West ,Industrial,SAM PATEL,Government,21.0,$358.64,10%,3.79,6778.3
S-101132,2024-11-13, south,Industrial,SAM PATEL,Enterprise,100.0,$301.89,15 %,3.62,25660.65
S-101133,2024-11-01,West ,electronics,john lee,Government,,$127.15,5%,3.47,0.0
S-101134,2024-09-02, south, furniture,Lena Park,Retail,4.0,$410.83,15 %,4.65,1396.82
S-101135,2024-01-24, south,Home Goods,Lena Park,Government,116.0,$330.58,0%,3.02,38347.28
S-101136,2024-10-16,North,electronics,Aisha Karimova,retail ,3.0,$196.69,10%,3.64,3677039.8056678576
S-101137,2024-05-26,North,Industrial,SAM PATEL,Retail,55.0,$152.48,5%,4.17,7967.08
S-101138,2024-10-24,Central,Office Supplies,Maria Gomez ,,,$282.91,10%,4.97,0.0
S-101139,2024-08-03,EAST, furniture,,Retail,39.0,$216.35,0%,4.4,8437.65
S-101140,2024-12-18, south,Electronics,john lee,Retail,25.0,$268.05,,3.63,6701.25
S-101141,2024-05-15,West ,Home Goods,john lee,Enterprise,6.0,$303.19,20%,,1455.31
S-101142,2025-01-07,EAST,,Maria Gomez ,retail ,87.0,$191.85,15 %,3.35,14187.31
S-101143,2024-12-03,North,Electronics,john lee,Retail,5.0,$145.13,20%,4.25,580.52
S-101144,2024-05-12, south,Home Goods,SAM PATEL,Enterprise,58.0,$272.79,0%,4.37,15821.82
S-101145,2024-07-12,North,Industrial,Maria Gomez ,Government,47.0,$194.66,10%,3.62,
S-101146,2024-07-31,West ,Electronics,john lee,Government,116.0,$252.42,5%,4.48,27816.68
S-101147,2024-11-03, south,Electronics,Maria Gomez ,Retail,111.0,$125.82,20%,3.82,11172.82
S-101148,2024-10-02,North,Home Goods,Lena Park,SMB,98.0,$218.56,5%,4.48,20347.94
S-101149,2024-12-06,North,electronics,Lena Park,Government,87.0,$300.77,5%,3.09,24858.64
S-101150,2024-05-27,EAST,Electronics,Maria Gomez ,Retail,65.0,$291.50,10%,4.28,17052.75
S-101151,2024-07-20,North,Industrial,john lee,Retail,42.0,$172.99,0%,3.87,
S-101152,2024-06-21,Central,Office Supplies,Aisha Karimova,Retail,20.0,$140.70,15 %,4.73,2391.9
S-101153,2024-12-29,North,Industrial,Lena Park,SMB,116.0,$241.34,5%,4.08,26595.67
S-101154,2024-05-01,West ,Industrial,SAM PATEL,Retail,46.0,$287.69,10%,4.79,11910.37
S-101155,2024-08-22,EAST,Home Goods,Maria Gomez ,Government,52.0,$274.44,20%,4.38,11416.7
S-101156,2024-02-18,EAST,Office Supplies,Lena Park,,17.0,$196.47,10%,4.03,3005.99
S-101157,2024-12-06,North, furniture,Aisha Karimova,Retail,33.0,$265.32,5%,4.53,8317.78
S-101158,2024-06-02,Central,Office Supplies,SAM PATEL,Enterprise,76.0,$367.70,0%,4.54,27945.2
S-101159,2024-05-16,Central,Electronics,john lee,Retail,51.0,$257.44,0%,4.36,13129.44
S-101160,2024-08-21,North,electronics,Aisha Karimova,Retail,70.0,$101.18,0%,2.84,7082.6
S-101161,2024-07-18,North,Electronics,Maria Gomez ,Government,26.0,$257.27,10%,,6020.12
S-101162,2024-12-05,Central,Office Supplies,john lee,SMB,10.0,$413.74,5%,4.86,3930.53
S-101163,,EAST,Electronics,Lena Park,SMB ,106.0,$130.57,5%,3.41,13148.4
S-101164,2024-07-25,North, furniture,john lee,SMB,52.0,$242.53,5%,4.59,11980.98
S-101165,2024-02-11,North, furniture,Lena Park,Retail,43.0,$220.76,20%,4.49,7594.14
S-101166,2024-01-09,West ,electronics,SAM PATEL,SMB,35.0,$248.15,0%,3.7,8685.25
S-101167,2024-06-08,West ,Home Goods,SAM PATEL,Retail,79.0,$256.51,5%,3.0,19251.08
S-101168,2025-02-03,West ,Electronics,Lena Park,Government,68.0,$336.90,10%,3.79,20618.28
S-101169,2025-01-01,Central,Industrial,Maria Gomez ,Enterprise,47.0,,0%,5.24,0.0
S-101170,2024-09-08,EAST,Industrial,john lee,SMB,111.0,$348.57,20%,3.63,30953.02
S-101171,2024-09-09, south, furniture,Aisha Karimova,SMB,108.0,$230.00,0%,3.66,24840.0
S-101172,2024-06-05,EAST,electronics,john lee,Enterprise,24.0,$210.24,10%,3.55,4541.18
S-101173,2024-03-12, south,Office Supplies,Lena Park,Government,77.0,$183.12,10%,4.77,12690.22
S-101174,2024-01-04, south,Electronics,Maria Gomez ,Retail,116.0,$85.55,15 %,3.97,8435.23
S-101175,2024-05-15,North,Office Supplies,john lee,Retail,59.0,$263.44,10%,3.76,13988.66
S-101176,2024-05-06, south,Electronics,john lee,Retail,4.0,$414.59,15 %,4.88,1409.61
S-101177,2024-03-17,West ,Industrial,Maria Gomez ,SMB,16.0,$278.95,5%,4.42,4240.04
S-101178,2024-04-13,North,Industrial,SAM PATEL,SMB,80.0,$298.37,10%,3.59,21482.64
S-101179,2024-01-10,EAST,Industrial,john lee,Retail,108.0,$204.89,15 %,3.43,18808.9
S-101180,2024-08-31,West ,electronics,SAM PATEL,SMB,16.0,$219.23,10%,4.74,3156.91
S-101181,2025-01-05,West ,electronics,SAM PATEL,SMB,66.0,$323.69,10%,4.11,19227.19
S-101182,2024-10-03,Central,,Lena Park,Retail,60.0,$410.74,5%,3.25,23412.18
S-101183,2024-06-28,Central, furniture,john lee,SMB ,34.0,$366.48,5%,3.12,11837.3
S-101184,2024-06-17,West ,Electronics,SAM PATEL,Enterprise,,"1,950",5%,3.49,0.0
S-101185,2024-05-03,North,electronics,Aisha Karimova,SMB,105.0,$242.99,0%,3.42,25513.95
S-101186,2024-02-26,EAST, furniture,john lee,SMB,29.0,$257.83,5%,2.97,7103.22
S-101187,2024-08-27,West , furniture,SAM PATEL,retail ,7.0,$175.95,0%,3.5,1231.65
S-101188,2024-08-14, south,Electronics,SAM PATEL,Government,43.0,$116.91,10%,3.59,4524.42
S-101189,2024-01-03,North,electronics,Aisha Karimova,Enterprise,38.0,$144.22,15 %,3.85,
S-101190,2024-06-15, south, furniture,Lena Park,SMB,87.0,$244.23,10%,5.03,19123.21
S-101191,2024-04-21,EAST,Electronics,Aisha Karimova,SMB ,64.0,$215.18,15 %,3.95,11705.79
S-101192,2024-03-09,EAST,Electronics,SAM PATEL,Government,3.0,$115.10,0%,4.01,345.3
S-101193,2024-10-08,North,Office Supplies,,Government,41.0,$236.83,0%,4.38,9710.03
S-101194,2024-07-29,Central,Industrial,Maria Gomez ,Retail,88.0,$212.93,15 %,3.97,15927.16
S-101195,2024-09-10,Central, furniture,Lena Park,Retail,57.0,$140.31,15 %,4.32,6798.02
S-101196,2024-10-12,North,Home Goods,SAM PATEL,Enterprise,67.0,$208.53,15 %,4.25,11875.78
S-101197,2025-01-27,Central,Home Goods,Lena Park,SMB,32.0,$212.72,10%,4.17,6126.34
S-101198,2024-11-17,North, furniture,SAM PATEL,Enterprise,39.0,$187.59,15 %,5.62,6218.61
S-101199,2024-09-05,Central,Industrial,SAM PATEL,Government,16.0,$318.77,15 %,4.6,4335.27
S-101200,2024-12-17,Central,Home Goods,john lee,retail ,10.0,$78.25,15 %,3.51,665.12
S-101201,2024-07-10,North,electronics,SAM PATEL,retail ,5.0,$71.21,15 %,4.3,302.64
S-101202,2025-01-28,Central,Electronics,john lee,SMB,75.0,$240.28,0%,3.66,18021.0
S-101203,2024-10-31,,Electronics,,retail ,19.0,$248.17,0%,4.35,4715.23
S-101204,2024-09-17,Central,,john lee,Enterprise,69.0,$274.36,5%,3.34,17984.3
S-101205,,,Home Goods,john lee,Government,114.0,$194.19,10%,3.49,19923.89
S-101206,2024-07-25,EAST,Industrial,Lena Park,SMB,83.0,$161.98,15 %,,11427.69
S-101207,2024-10-15,North,Industrial,john lee,Government,69.0,$239.38,5%,4.65,15691.36
S-101208,2024-04-23,Central,Electronics,john lee,SMB,14.0,$202.47,5%,4.38,2692.85
S-101209,2025-01-20,West ,Home Goods,SAM PATEL,Enterprise,59.0,$371.84,15 %,4.57,18647.78
S-101210,2024-09-06,West ,Office Supplies,Aisha Karimova,Retail,107.0,$212.44,5%,4.31,21594.53
S-101211,2024-11-08,EAST,Home Goods,Aisha Karimova,Government,,$235.48,15 %,4.19,0.0
S-101212,2024-07-03,EAST,Electronics,Maria Gomez ,Enterprise,99.0,$450.41,0%,3.82,44590.59
S-101213,2024-12-12,North, furniture,john lee,retail ,85.0,$223.45,5%,4.55,18043.59
S-101214,2024-01-30,West ,Home Goods,john lee,SMB,32.0,$287.27,5%,4.66,8733.01
S-101215,2024-02-15,North,Home Goods,Aisha Karimova,Government,17.0,$294.94,5%,4.07,4763.28
S-101216,2024-07-21,West ,electronics,john lee,retail ,3.0,$302.17,0%,4.04,906.51
S-101217,2024-10-19,Central, furniture,john lee,Government,33.0,$264.61,5%,4.98,8295.52
S-101218,2024-11-19,EAST, furniture,Aisha Karimova,SMB ,40.0,$256.48,5%,4.09,9746.24
S-101219,2024-06-25,EAST,,SAM PATEL,Government,79.0,$248.53,5%,4.14,18652.18
S-101220,2024-09-16, south,Office Supplies,SAM PATEL,SMB,69.0,$191.04,15 %,,11204.5
S-101221,2024-08-09,,Office Supplies,Aisha Karimova,Enterprise,58.0,$267.67,0%,4.05,15524.86
S-101222,2025-01-19,West ,electronics,john lee,,87.0,$412.43,5%,3.65,34087.34
S-101223,2024-09-18, south,Office Supplies,Lena Park,Enterprise,92.0,$342.91,0%,4.31,31547.72
S-101224,2024-06-15,North,electronics,SAM PATEL,Retail,85.0,$265.83,20%,4.08,18076.44
S-101225,2025-01-22,North,Office Supplies,Maria Gomez ,Retail,107.0,$312.75,15 %,5.11,28444.61
S-101226,2024-02-12,EAST,Industrial,Maria Gomez ,Government,43.0,$166.12,,4.53,7143.16
S-101227,2025-01-28,Central,Industrial,john lee,SMB,98.0,,20%,3.77,0.0
S-101228,2024-03-02,West ,Industrial,Lena Park,retail ,51.0,$320.57,5%,4.5,15531.62
S-101229,2024-04-25,North,electronics,Lena Park,SMB,22.0,$366.41,15 %,4.27,6851.87
S-101230,2024-11-24,Central,Office Supplies,Lena Park,Government,18.0,$174.48,5%,4.82,2983.61
S-101231,2024-10-20, south,Home Goods,john lee,SMB,11.0,$198.89,20%,3.81,1750.23
S-101232,2025-01-23,Central,Industrial,john lee,Government,114.0,$425.42,5%,4.2,46072.99
S-101233,2024-10-26, south,electronics,Aisha Karimova,Government,21.0,$248.18,5%,4.05,4951.19
S-101234,2024-09-11,West ,Home Goods,john lee,,100.0,$394.99,20%,4.13,31599.2
S-101235,2024-05-18,Central,Home Goods,john lee,Government,94.0,$257.58,20%,3.61,19370.02
S-101236,2024-01-02, south,Home Goods,SAM PATEL,retail ,53.0,$260.93,,4.42,13829.29
S-101237,2024-02-19,West ,Home Goods,Aisha Karimova,Enterprise,109.0,$214.03,0%,4.33,23329.27
S-101238,2024-04-29,, furniture,Lena Park,Retail,109.0,$320.12,5%,4.81,33148.43
S-101239,2024-01-17,North,Office Supplies,Aisha Karimova,,111.0,,5%,4.09,0.0
S-101240,2024-07-22,North,electronics,Aisha Karimova,retail ,60.0,$152.02,5%,3.87,8665.14
S-101241,2024-11-06,West ,Electronics,Lena Park,Enterprise,36.0,$210.04,10%,4.53,6805.3
S-101242,2025-01-20, south,Industrial,SAM PATEL,Government,6.0,$317.78,5%,3.66,1811.35
S-101243,2024-07-14,North,electronics,john lee,Retail,101.0,$228.99,15 %,4.7,19658.79
S-101244,2024-12-16,EAST,Electronics,SAM PATEL,Government,104.0,$198.06,5%,4.7,19568.33
S-101245,2025-01-29,West ,Home Goods,john lee,Retail,64.0,$325.81,15 %,4.79,17724.06
S-101246,2024-12-09, south,Home Goods,Aisha Karimova,SMB,9.0,$333.79,20%,4.31,2403.29
S-101247,2024-07-04, south,Home Goods,Maria Gomez ,SMB,98.0,$201.78,10%,3.83,17797.0
S-101248,2024-05-10,Central,Office Supplies,john lee,SMB,36.0,$258.05,5%,4.16,8825.31
S-101249,2025-01-26,EAST,Industrial,SAM PATEL,Enterprise,66.0,$137.28,5%,4.31,8607.46
S-101250,2024-04-06,Central,Office Supplies,john lee,SMB ,79.0,"1,950",0%,3.79,154050.0
S-101251,2024-06-13,EAST,electronics,SAM PATEL,SMB,18.0,$250.55,15 %,4.83,3833.42
S-101252,2024-01-30,Central,Electronics,Lena Park,Enterprise,8.0,$242.67,10%,4.42,1747.22
S-101253,2024-11-13,West ,electronics,Aisha Karimova,Government,10.0,$157.82,0%,3.61,1578.2
S-101254,2024-09-16,North,Home Goods,Aisha Karimova,Government,115.0,"1,950",,5.14,224250.0
S-101255,2024-02-03,Central,electronics,Maria Gomez ,Retail,114.0,$149.47,10%,4.15,15335.62
S-101256,2024-03-29,EAST,Office Supplies,Lena Park,SMB ,51.0,$278.68,20%,3.5,11370.14
S-101257,2024-08-10,North,Home Goods,SAM PATEL,Retail,51.0,$72.75,5%,3.64,3524.74
S-101258,2024-08-04,North,Home Goods,SAM PATEL,Enterprise,49.0,$154.02,,,7546.98
S-101259,2024-11-16,West , furniture,Maria Gomez ,Enterprise,42.0,$81.65,5%,5.1,3257.84
S-101260,2024-04-16,North,Industrial,john lee,Government,65.0,$275.62,5%,4.66,17019.54
S-101261,2025-01-04, south,Home Goods,Maria Gomez ,Retail,43.0,$86.77,20%,4.83,2984.89
S-101262,2024-06-26,North,,john lee,Retail,74.0,$242.70,20%,4.77,14367.84
S-101263,2024-11-25,EAST,,SAM PATEL,Government,46.0,$379.36,10%,,15705.5
S-101264,2024-04-05,EAST,Industrial,Aisha Karimova,Retail,75.0,$382.24,0%,,28668.0
S-101265,2024-01-15,EAST,Home Goods,john lee,SMB,113.0,$86.50,5%,4.4,9285.78
S-101266,2024-01-23, south,electronics,Maria Gomez ,Government,,$265.36,15 %,4.5,0.0
S-101267,,North,Electronics,Maria Gomez ,Enterprise,8.0,$155.94,20%,3.69,998.02
S-101268,2025-01-16,West ,electronics,SAM PATEL,Retail,63.0,$138.58,5%,4.5,8294.01
S-101269,2024-01-20, south,Home Goods,Maria Gomez ,retail ,15.0,$230.36,0%,4.9,3455.4
S-101270,2024-05-27,West ,Office Supplies,Lena Park,,28.0,$344.40,10%,3.99,8678.88
S-101271,2024-02-13,North,Industrial,Lena Park,SMB,94.0,$290.97,15 %,3.93,23248.5
S-101272,2025-01-07,North,Electronics,Lena Park,Retail,50.0,$179.21,5%,4.36,8512.48
S-101273,2024-09-27, south,Office Supplies,SAM PATEL,Retail,66.0,$299.93,10%,3.74,17815.84
S-101274,2024-11-01,EAST,Office Supplies,SAM PATEL,SMB,93.0,$49.28,,3.38,4583.04
S-101275,2024-10-12, south,Office Supplies,SAM PATEL,,16.0,$176.00,5%,4.73,2675.2
S-101276,2024-09-19,Central,Electronics,Maria Gomez ,retail ,57.0,$169.97,10%,3.85,8719.46
S-101277,2024-11-05, south,Electronics,john lee,Retail,5.0,$246.66,10%,4.11,1109.97
S-101278,2024-01-04,EAST,Industrial,SAM PATEL,SMB,60.0,$222.76,10%,3.76,12029.04
S-101279,2024-12-12,West ,Office Supplies,Aisha Karimova,Retail,27.0,$227.97,20%,4.8,4924.15
S-101280,2024-10-22,North,Electronics,Aisha Karimova,retail ,109.0,$225.15,10%,4.57,22087.22
S-101281,2024-10-22,EAST,Electronics,Lena Park,,32.0,$241.90,10%,3.97,6966.72
S-101282,2024-06-06, south,Office Supplies,Aisha Karimova,Enterprise,24.0,$285.91,0%,3.45,6861.84
S-101283,2024-11-16,EAST,Electronics,Maria Gomez ,Retail,2.0,$252.69,15 %,3.91,429.57
S-101284,2024-06-01,North,Home Goods,SAM PATEL,SMB,16.0,$215.83,0%,4.41,3453.28
S-101285,2024-01-20,Central,Home Goods,Aisha Karimova,Retail,26.0,$274.15,0%,4.2,7127.9
S-101286,2024-12-29,Central, furniture,Lena Park,Retail,28.0,$310.22,10%,4.16,7817.54
S-101287,2024-04-03,North,electronics,Aisha Karimova,Enterprise,88.0,$192.74,10%,4.22,15265.01
S-101288,2024-02-10,West ,Electronics,Lena Park,SMB,,$234.95,,4.52,0.0
S-101289,2024-09-05,Central, furniture,Lena Park,Government,102.0,$338.76,15 %,4.08,29370.49
S-101290,2024-04-03, south,Industrial,john lee,Government,114.0,$146.27,20%,4.35,13339.82
S-101291,2024-12-09,Central,electronics,Aisha Karimova,retail ,107.0,$393.40,5%,3.56,39989.11
S-101292,2024-06-26,West ,Industrial,john lee,SMB ,55.0,$126.17,10%,5.5,6245.42
S-101293,2024-01-02,Central, furniture,Maria Gomez ,SMB,47.0,$210.64,,3.94,9900.08
S-101294,2025-01-15,, furniture,john lee,retail ,78.0,$159.23,5%,4.21,11798.94
S-101295,2024-07-24,North,Office Supplies,,Government,606.0,$425.97,15 %,4.41,219417.15
S-101296,2024-04-15,EAST,Office Supplies,john lee,Retail,72.0,$197.22,10%,3.87,12779.86
S-101297,2024-09-27,EAST,,Lena Park,SMB,119.0,$197.43,5%,4.1,22319.46
S-101298,2024-07-31,North,Electronics,Aisha Karimova,Government,24.0,$208.49,10%,4.1,4503.38
S-101299,2024-01-12, south,Industrial,,retail ,92.0,$248.13,5%,3.6,21686.56
S-101300,2024-10-30,,Industrial,john lee,Government,112.0,$212.08,0%,4.34,23752.96
S-101301,2024-06-09,North,electronics,Maria Gomez ,retail ,64.0,$228.70,5%,3.19,
S-101302,2024-10-06,EAST, furniture,Maria Gomez ,Government,43.0,$-59.98,5%,5.06,-2450.18
S-101303,2024-12-24,Central,Office Supplies,Aisha Karimova,Retail,31.0,$244.86,5%,4.54,7211.13
S-101304,2024-09-01, south, furniture,Lena Park,Retail,615.0,$241.51,20%,4.45,118822.92
S-101305,2024-09-25,EAST,Home Goods,john lee,SMB,39.0,$328.28,5%,3.14,12162.77
S-101306,2024-04-11,,Office Supplies,Maria Gomez ,Government,89.0,$351.27,20%,3.66,25010.42
S-101307,2024-04-05,EAST,Industrial,Maria Gomez ,Retail,,$224.04,10%,4.86,0.0
S-101308,2024-06-15,North,electronics,SAM PATEL,Government,27.0,$309.38,0%,6.38,8353.26
S-101309,2024-12-07,North,Office Supplies,Aisha Karimova,Retail,65.0,$146.37,5%,4.76,
S-101310,2024/08/03,Central,Home Goods,Aisha Karimova,SMB,97.0,$305.22,20%,4.67,23685.07
S-101311,2024-05-19, south,Office Supplies,Aisha Karimova,SMB,2.0,$191.34,10%,4.39,344.41
S-101312,2024-11-07,EAST,Industrial,john lee,Retail,3.0,"$1,299.99",20%,3.63,3119.98
S-101313,2024-12-07,North,Electronics,Aisha Karimova,SMB ,115.0,$224.22,5%,4.65,24496.04
S-101314,2024-12-27,EAST,,Lena Park,SMB,90.0,$359.04,15 %,3.49,27466.56
S-101315,2024-04-29,Central,Home Goods,Maria Gomez ,Enterprise,69.0,$255.39,15 %,3.43,14978.62
S-101316,2024-10-10,EAST,Industrial,SAM PATEL,Enterprise,108.0,$367.20,,3.4,39657.6
S-101317,2024-08-24,,Office Supplies,john lee,SMB,71.0,$176.36,0%,4.64,12521.56
S-101318,2024-06-28, south,Industrial,john lee,Enterprise,62.0,$329.07,,4.07,20402.34
S-101319,2024-06-07,EAST, furniture,Maria Gomez ,Government,26.0, 85 ,5%,4.16,2099.5
S-101320,2024-02-15,Central,Home Goods,john lee,Enterprise,97.0,$259.15,20%,4.09,20110.04
S-101321,2024-04-19,EAST,Electronics,john lee,SMB,92.0,$258.42,10%,3.48,21397.18
S-101322,2024-08-07, south, furniture,Maria Gomez ,Enterprise,36.0,$296.23,10%,3.73,9597.85
S-101323,2024-12-20,Central,Office Supplies,Maria Gomez ,Enterprise,88.0,$261.31,5%,,21845.52
S-101324,2024-12-12, south, furniture,,SMB,,$177.17,15 %,3.33,0.0
S-101325,2024-03-16,EAST,Office Supplies,john lee,Enterprise,12.0,$314.83,5%,3.82,3589.06
S-101326,2024-09-28,,Industrial,Maria Gomez ,SMB,20.0,$387.19,10%,3.51,6969.42
S-101327,2024-02-03,North, furniture,Aisha Karimova,Government,71.0,$190.38,10%,4.42,12165.28
S-101328,2024-09-27, south,Home Goods,john lee,,75.0,$84.01,15 %,4.46,5355.64
S-101329,2024-05-16,North,Electronics,SAM PATEL,SMB ,79.0,$282.44,10%,3.39,20081.48
S-101330,2024-06-28, south,Home Goods,Aisha Karimova,Government,,$211.85,10%,3.94,0.0
S-101331,2024-10-14,North,Home Goods,SAM PATEL,Enterprise,100.0,$228.86,10%,5.12,20597.4
S-101332,2024-06-18,West ,Office Supplies,Maria Gomez ,Government,54.0,$287.28,10%,3.56,13961.81
S-101333,2024-11-18,North,Home Goods,Aisha Karimova,Retail,25.0,$201.21,10%,,
S-101334,2024-08-01,West ,Industrial,Lena Park,SMB,14.0,$217.15,15 %,4.16,2584.08
S-101335,2025-02-03, south,Home Goods,Maria Gomez ,retail ,105.0,$231.49,15 %,4.7,20660.48
S-101336,2024-09-12, south,Office Supplies,Lena Park,Retail,85.0,$364.93,10%,4.26,27917.14
S-101337,2024-04-28, south,Office Supplies,Maria Gomez ,,55.0,$242.56,5%,3.86,12673.76
S-101338,2024-11-06,West ,Home Goods,Lena Park,Government,25.0,$134.97,10%,4.14,3036.82
S-101339,2024-06-12,EAST, furniture,john lee,SMB,12.0,$138.35,0%,4.14,1660.2
S-101340,2024-08-01, south,Home Goods,Maria Gomez ,retail ,19.0,$251.83,5%,4.05,4545.53
S-101341,2024-02-24,Central, furniture,SAM PATEL,Enterprise,13.0,$144.00,15 %,3.37,
S-101342,2024-02-17,EAST,Home Goods,john lee,SMB,63.0,$107.20,5%,4.78,6415.92
S-101343,2024-08-17,North,Electronics,john lee,Government,24.0,$294.02,10%,4.69,2327043.21512721
S-101344,2024-03-15,Central,Electronics,,,16.0,$298.18,,3.53,
S-101345,2025-02-03, south,,Maria Gomez ,SMB,34.0,$208.71,5%,3.93,6741.33
S-101346,2024-12-08,North,Industrial,SAM PATEL,retail ,84.0,$264.96,0%,3.98,
S-101347,2024-10-07,EAST,Industrial,SAM PATEL,retail ,60.0,$255.99,0%,3.46,15359.4
S-101348,2024-10-20,North,Industrial,Lena Park,Retail,19.0,$291.21,5%,3.07,5256.34
S-101349,2024-08-26, south,Office Supplies,Lena Park,SMB,90.0,$291.40,15 %,3.73,22292.1
S-101350,2024-01-25,West , furniture,Maria Gomez ,Retail,59.0,$18.51,15 %,3.9,928.28
S-101351,2024-06-05,North,Electronics,john lee,Retail,23.0,$219.56,10%,3.31,4544.89
S-101352,2024-07-17,Central,Office Supplies,Aisha Karimova,retail ,83.0,$284.02,5%,4.2,22394.98
S-101353,2025-01-01,Central, furniture,SAM PATEL,Retail,119.0,$205.11,10%,4.74,21967.28
S-101354,2024-03-28,West ,Industrial,Lena Park,Government,65.0,$243.08,0%,4.56,15800.2
S-101355,2024-07-17,West ,Electronics,Maria Gomez ,Retail,20.0,$303.81,10%,4.03,5468.58
S-101356,2024-05-17,West ,Electronics,Aisha Karimova,Government,37.0,$246.88,10%,3.09,8221.1
S-101357,2024-02-23,, furniture,john lee,Retail,72.0,$368.17,0%,,26508.24
S-101358,2024-02-11, south,Electronics,Maria Gomez ,Retail,119.0,$335.79,15 %,4.18,33965.16
S-101359,2024-05-26,North, furniture,Lena Park,Retail,111.0,$229.92,15 %,4.33,21692.95
S-101360,2024/08/03,EAST,electronics,Aisha Karimova,Enterprise,112.0,$223.17,5%,5.16,23745.29
S-101361,2024-01-27,EAST, furniture,SAM PATEL,retail ,100.0,$-2.28,10%,3.65,-205.2
S-101362,2024-05-20,North,electronics,SAM PATEL,SMB,69.0,$212.25,10%,2.52,13180.72
S-101363,2024-03-21,West ,Industrial,Lena Park,Retail,78.0,$124.97,0%,3.52,
S-101364,2024-08-09,North,electronics,Aisha Karimova,,88.0,$258.80,5%,4.37,21635.68
S-101365,2024-01-08,Central,Home Goods,Lena Park,Retail,86.0,$252.99,10%,4.11,19581.43
S-101366,2024-04-30, south,Office Supplies,SAM PATEL,SMB,77.0,$299.15,20%,3.43,18427.64
S-101367,2024-06-30,North,Electronics,Lena Park,Government,16.0,$358.72,10%,3.32,5165.57
S-101368,2025-01-20,North, furniture,Aisha Karimova,retail ,105.0,$237.77,10%,3.9,22469.27
S-101369,2024-09-10, south,,Maria Gomez ,retail ,2.0,$433.84,10%,3.41,780.91
S-101370,2024-12-18, south,electronics,SAM PATEL,Government,51.0,$259.76,5%,4.39,12585.37
S-101371,2024-05-17,North, furniture,john lee,retail ,52.0,$128.63,0%,3.87,6688.76
S-101372,2024-06-28, south,Office Supplies,Maria Gomez ,Retail,119.0,$192.22,5%,3.76,21730.47
S-101373,2024-06-17,North,Industrial,Maria Gomez ,SMB,11.0,$208.32,20%,3.68,1833.22
S-101374,2024-12-20, south,Home Goods,Maria Gomez ,Retail,57.0,$290.33,15 %,4.24,14066.49
S-101375,2025-01-18, south,electronics,Aisha Karimova,SMB ,,$159.48,20%,4.12,0.0
S-101376,2025-01-19, south,Industrial,Maria Gomez ,Enterprise,12.0,$214.67,0%,4.21,
S-101377,2024-10-27, south,Home Goods,john lee,Enterprise,27.0,$226.31,10%,4.2,
S-101378,2024-07-20,North,electronics,Lena Park,Retail,51.0,$201.91,10%,4.06,9267.67
S-101379,2024-08-04,North,Electronics,,Enterprise,110.0,$308.97,5%,3.53,32287.36
S-101380,2025-01-27,North,Electronics,john lee,Enterprise,47.0,$294.51,5%,3.7,13149.87
S-101381,2024-04-23,West ,,Aisha Karimova,Retail,105.0,$339.16,15 %,3.88,30270.03
S-101382,2024-05-18,,electronics,john lee,Government,88.0,$211.86,10%,5.24,16779.31
S-101383,2024-12-24,Central,Office Supplies,Maria Gomez ,Enterprise,98.0,$342.21,10%,3.36,30182.92
S-101384,2024-06-03,EAST,electronics,Lena Park,Government,102.0,$124.06,5%,3.87,12021.41
S-101385,2024-04-04,EAST,Electronics,Maria Gomez ,retail ,85.0,$121.99,10%,4.15,9332.24
S-101386,2024-08-12, south,Industrial,Aisha Karimova,Retail,88.0,$136.83,0%,3.93,12041.04
S-101387,2024-05-10,Central, furniture,Aisha Karimova,Enterprise,19.0,$240.78,0%,4.69,4574.82
S-101388,2024-12-22,Central,Home Goods,john lee,Government,86.0,$342.20,10%,3.93,26486.28
S-101389,2024-12-29,Central,Office Supplies,Lena Park,SMB,6.0,$188.82,5%,3.97,1076.27
S-101390,2024-05-02,Central, furniture,SAM PATEL,Retail,,$199.48,,4.55,0.0
S-101391,2024-07-30,EAST,Electronics,Maria Gomez ,Government,78.0,$221.64,10%,5.1,15559.13
S-101392,2025-01-28,Central,Home Goods,john lee,Retail,91.0,$288.69,0%,,26270.79
S-101393,2024-10-23,Central,Electronics,Lena Park,SMB,77.0,$199.40,0%,4.02,15353.8
S-101394,2024-03-27, south,Electronics,john lee,Enterprise,44.0,$194.66,15 %,4.07,7280.28
S-101395,2024-08-24,Central,Home Goods,Lena Park,Retail,44.0,$125.64,0%,4.13,5528.16
S-101396,2024-09-04,North, furniture,Lena Park,Retail,71.0,$191.40,5%,4.18,
S-101397,2024-09-18,,Office Supplies,Maria Gomez ,Retail,57.0,$340.08,5%,3.63,18415.33
S-101398,2024-01-11,Central, furniture,Lena Park,SMB ,41.0,$247.73,5%,4.62,9649.08
S-101399,2024-04-29,North,Industrial,john lee,retail ,59.0,$177.11,10%,4.21,9404.54
S-101400,2024-12-07,West , furniture,SAM PATEL,Enterprise,64.0,$345.07,10%,4.08,19876.03
S-101401,2024-04-06,North, furniture,Aisha Karimova,,29.0,$190.26,0%,3.4,5517.54
S-101402,2024-04-29,Central, furniture,Maria Gomez ,Enterprise,76.0,$360.70,15 %,4.13,23301.22
S-101403,2024-05-08,Central, furniture,john lee,SMB,38.0,$359.31,5%,3.06,12971.09
S-101404,2024-03-11,West , furniture,Aisha Karimova,SMB,32.0,$244.76,10%,3.78,7049.09
S-101405,2024-03-03,Central,Electronics,Aisha Karimova,SMB,50.0,$112.62,0%,3.79,5631.0
S-101406,2024-05-18,North,Electronics,john lee,Enterprise,13.0,$434.61,10%,4.26,5084.94
S-101407,2024-12-15, south,Office Supplies,SAM PATEL,SMB ,72.0,$272.92,5%,5.13,18667.73
S-101408,2024-01-01,EAST,Industrial,Maria Gomez ,Government,88.0,$212.47,10%,4.41,16827.62
S-101409,2024-04-23,North,Electronics,john lee,SMB,114.0,$321.27,5%,4.9,34793.54
S-101410,2024-01-25,EAST, furniture,,SMB,34.0,$299.70,,4.45,10189.8
S-101411,2024-08-12, south,Industrial,Lena Park,Government,65.0,$351.43,5%,4.72,21700.8
S-101412,2024-04-10, south,Industrial,Aisha Karimova,Retail,60.0,$183.70,20%,5.12,8817.6
S-101413,2024-11-12,EAST,Home Goods,Maria Gomez ,Government,,$267.07,20%,3.7,0.0
S-101414,2024-08-22,Central, furniture,SAM PATEL,retail ,75.0,$139.20,5%,3.66,9918.0
S-101415,2024-11-09, south,Office Supplies,SAM PATEL,Enterprise,97.0,$296.64,5%,4.47,27335.38
S-101416,2024-09-10,Central, furniture,john lee,Government,102.0,$238.05,5%,4.1,23067.04
S-101417,2024-06-24,EAST,Electronics,SAM PATEL,SMB,14.0,$263.89,,4.22,3694.46
S-101418,2024-12-10, south,Office Supplies,Aisha Karimova,Retail,43.0,$227.56,10%,3.96,8806.57
S-101419,2024-07-09,EAST,electronics,john lee,Government,78.0,$218.67,10%,3.77,15350.63
S-101420,2025-01-14,EAST, furniture,SAM PATEL,SMB,65.0,$166.20,0%,4.99,10803.0
S-101421,2025-02-01, south,electronics,SAM PATEL,SMB,58.0,$307.19,20%,3.5,14253.62
S-101422,2024-08-23,EAST, furniture,Lena Park,SMB,21.0,$366.62,0%,4.48,7699.02
S-101423,2024-09-26,North, furniture,Aisha Karimova,SMB,69.0,$192.68,0%,4.39,13294.92
S-101424,2024-04-12, south,Home Goods,Aisha Karimova,Enterprise,89.0,$287.05,5%,3.23,
S-101425,2024-11-21,EAST,Industrial,Aisha Karimova,Retail,5.0,$276.74,10%,3.64,1245.33
S-101426,2024-09-25,EAST, furniture,Aisha Karimova,SMB,71.0,$240.69,20%,3.74,13671.19
S-101427,2024-12-27,Central,electronics,Aisha Karimova,Government,108.0,$110.24,15 %,4.41,10120.03
S-101428,2024-04-16, south, furniture,Maria Gomez ,Retail,69.0,$129.36,5%,3.9,8479.55
S-101429,2024-11-11,,Electronics,Maria Gomez ,SMB,114.0,$173.62,5%,4.05,18803.05
S-101430,2024-07-07,Central,Home Goods,SAM PATEL,Enterprise,42.0,$58.18,15 %,3.3,2077.03
S-101431,2024-03-15,,Electronics,john lee,Government,1.0,$359.68,10%,5.38,323.71
S-101432,2024-03-09,Central,Office Supplies,Aisha Karimova,Enterprise,82.0,$271.25,0%,4.14,22242.5
S-101433,2024-08-12,North,Office Supplies,SAM PATEL,Government,26.0,$237.45,5%,4.37,5865.02
S-101434,2024-05-07,EAST,Electronics,Aisha Karimova,Retail,2.0,$53.83,10%,3.8,96.89
S-101435,2024-02-10,North,Electronics,Lena Park,SMB,22.0,$84.97,,3.74,1869.34
S-101436,2024-06-19,Central, furniture,Aisha Karimova,SMB ,112.0,$239.80,10%,5.15,24171.84
S-101437,2024-09-18,EAST,Industrial,Maria Gomez ,Government,93.0,$407.49,0%,3.05,37896.57
S-101438,2024-05-07, south,electronics,Lena Park,SMB,33.0,$180.62,15 %,4.25,5066.39
S-101439,2025-01-17,Central,Office Supplies,Maria Gomez ,SMB,72.0,$313.42,5%,3.43,21437.93
S-101440,2024-11-07,North,Electronics,SAM PATEL,SMB,41.0,$199.21,20%,3.88,6534.09
S-101441,2024-07-24,EAST,electronics,SAM PATEL,Retail,22.0,$244.70,5%,3.75,5114.23
S-101442,2025-01-08,West ,Electronics,Aisha Karimova,Government,118.0,$343.25,5%,3.56,
S-101443,2024-06-22,North,electronics,SAM PATEL,Government,97.0,$210.59,10%,4.12,18384.51
S-101444,2024-02-25,West ,Home Goods,Lena Park,SMB,44.0,$181.34,5%,2.69,7580.01
S-101445,2024-01-15,Central,Office Supplies,,retail ,43.0,$360.54,5%,3.93,14728.06
S-101446,2025-01-10,North, furniture,Maria Gomez ,SMB,98.0,$243.87,10%,4.05,21509.33
S-101447,2025-01-18,EAST,Electronics,john lee,Retail,,$332.75,15 %,3.35,0.0
S-101448,2024-10-22, south,Electronics,SAM PATEL,Government,45.0,$181.75,20%,4.93,6543.0
S-101449,2024-02-11,West ,Office Supplies,Maria Gomez ,SMB,47.0,$359.57,5%,3.77,16054.8
S-101450,2024-04-27,North,Industrial,john lee,Retail,,$263.26,0%,3.97,0.0
S-101451,2024-01-17,Central, furniture,Aisha Karimova,Enterprise,63.0,$276.96,10%,3.77,15703.63
S-101452,2024-01-21,Central,electronics,Aisha Karimova,,5.0,$251.19,5%,4.06,1193.15
S-101453,2024-04-08,North,Home Goods,Maria Gomez ,Retail,,$197.03,5%,4.82,0.0
S-101454,03/15/2024, south,Electronics,Aisha Karimova,SMB,53.0,$239.86,20%,5.46,10170.06
S-101455,2024-01-27,EAST,Electronics,Aisha Karimova,SMB,33.0,$202.38,,4.51,6678.54
S-101456,2025-01-28,West , furniture,Aisha Karimova,Retail,43.0,$321.56,0%,4.7,13827.08
S-101457,2024-07-01,EAST,Home Goods,Lena Park,SMB,51.0,$222.74,15 %,5.04,9655.78
S-101458,2024-04-15,North,Office Supplies,Aisha Karimova,Enterprise,44.0,$112.80,10%,4.24,4466.88
S-101459,2024-07-25,North,Home Goods,Aisha Karimova,Retail,,$97.25,5%,4.96,0.0
S-101460,2024-11-12,,Industrial,Maria Gomez ,Retail,63.0,$93.23,10%,4.54,5286.14
S-101461,2024-05-05,EAST,Home Goods,john lee,Government,60.0,$292.53,0%,4.18,17551.8
S-101462,2024-01-20,Central,,,retail ,32.0,$142.12,0%,4.29,
S-101463,2024-01-21,EAST,Home Goods,Lena Park,Enterprise,110.0,$265.51,,3.1,29206.1
S-101464,2024-12-06,Central,Industrial,Maria Gomez ,Enterprise,3.0,$251.61,10%,4.26,679.35
S-101465,2024-02-14,North,Industrial,Maria Gomez ,Government,66.0,$234.50,5%,3.25,14703.15
S-101466,2024-09-11,North,Home Goods,john lee,Government,21.0,$277.26,10%,3.21,5240.21
S-101467,2024-06-02,Central,Home Goods,Aisha Karimova,Government,92.0,$45.00 ,,4.21,4140.0
S-101468,2024-11-07,Central,Industrial,john lee,Enterprise,46.0,$9.67,5%,3.49,422.58
S-101469,2024-01-25, south,Office Supplies,Aisha Karimova,SMB,35.0,$212.49,20%,4.1,5949.72
S-101470,2024-12-25, south,electronics,Aisha Karimova,SMB,7.0,$276.13,20%,4.18,1546.33
S-101471,2024-10-06,EAST,Office Supplies,Maria Gomez ,SMB,95.0,"1,950",5%,4.2,175987.5
S-101472,2024-06-28,EAST,Industrial,Aisha Karimova,SMB,48.0,$383.35,15 %,3.6,15640.68
S-101473,2024-03-23,North,Office Supplies,Aisha Karimova,Retail,32.0,$124.13,10%,4.59,3574.94
S-101474,2025-01-25,Central,Home Goods,Maria Gomez ,SMB,101.0,$210.27,15 %,4.05,18051.68
S-101475,2024-04-30, south,Home Goods,Maria Gomez ,SMB,3.0,$106.88,5%,4.34,304.61
S-101476,2024-07-15,West ,,Aisha Karimova,Retail,56.0,$369.19,0%,3.44,20674.64
S-101477,2024-06-06,North, furniture,Aisha Karimova,retail ,20.0,$326.09,0%,4.0,6521.8
S-101478,2024-04-02,North,Home Goods,Aisha Karimova,Government,16.0,$269.80,10%,4.7,3885.12
S-101479,2024-06-15,West ,Home Goods,john lee,Enterprise,3.0,$254.12,15 %,4.63,648.01
S-101480,2024-03-01, south,Industrial,Lena Park,Government,23.0,$357.35,15 %,3.66,6986.19
S-101481,2024-01-01,West ,Industrial,Lena Park,SMB,113.0,$342.96,10%,3.8,34879.03
S-101482,2024-04-25,North,electronics,Maria Gomez ,Government,54.0,$338.43,0%,3.56,18275.22
S-101483,2024-02-14,Central,electronics,Maria Gomez ,Government,119.0,$278.82,0%,3.74,33179.58
S-101484,2024-06-14,West ,Electronics,SAM PATEL,Retail,32.0,$210.32,15 %,3.33,5720.7
S-101485,2024-12-11,Central,,SAM PATEL,,91.0,$305.21,10%,4.02,24996.7
S-101486,2024-03-06,North, furniture,Aisha Karimova,Retail,11.0,$309.36,15 %,4.45,2892.52
S-101487,2024-01-01, south,Home Goods,Aisha Karimova,Enterprise,,$223.80,0%,3.67,0.0
S-101488,2024-02-14, south,Home Goods,Maria Gomez ,Government,2.0,$210.14,5%,4.05,399.27
S-101489,2024-07-22,EAST,Office Supplies,Maria Gomez ,SMB,107.0,$336.33,20%,3.98,28789.85
S-101490,2024-04-19, south, furniture,Aisha Karimova,Enterprise,80.0,$381.45,0%,4.68,30516.0
S-101491,2024-07-14,North,Electronics,john lee,SMB,89.0,$176.30,0%,3.76,15690.7
S-101492,2024-01-12, south,Industrial,john lee,Retail,111.0,$217.61,10%,3.78,21739.24
S-101493,2024-05-13, south,Office Supplies,john lee,Retail,40.0,$269.83,10%,3.63,9713.88
S-101494,2024-06-13, south,Electronics,Maria Gomez ,Retail,86.0,$281.36,,3.47,24196.96
S-101495,2024-06-21,North,Home Goods,SAM PATEL,Retail,60.0,$195.60,20%,4.39,9388.8
S-101496,2024-08-08, south, furniture,Maria Gomez ,Enterprise,65.0,$400.10,15 %,4.03,22105.52
S-101497,2024-11-08,West ,Industrial,john lee,SMB,79.0,$275.88,0%,4.13,21794.52
S-101498,2024-07-05, south, furniture,Aisha Karimova,SMB,56.0,$285.17,10%,4.8,14372.57
S-101499,2024-12-02, south, furniture,Lena Park,Enterprise,3.0,,20%,4.83,0.0
S-100547,2024-08-24,North, furniture,SAM PATEL,SMB ,58.0,$152.94,5%,4.84,8426.99
S-100984,2024-08-22,Central,Electronics,Lena Park,SMB,56.0,$202.62,5%,4.56,10779.38
S-100712,2024-10-18,North,Electronics,john lee,SMB,114.0,$317.80,5%,4.36,34417.74
S-100638,2024-11-13,Central,Electronics,SAM PATEL,Government,2.0,$266.99,20%,4.63,427.18
S-100471,2024-11-17,North,Home Goods,Aisha Karimova,Retail,75.0,$221.30,0%,4.07,16597.5
S-101149,2024-12-06,North,electronics,Lena Park,Government,87.0,$300.77,5%,3.09,24858.64
S-100392,2024-05-26,Central,electronics,Aisha Karimova,Government,102.0,$141.19,15 %,4.49,12241.17
S-101158,2024-06-02,Central,Office Supplies,SAM PATEL,Enterprise,76.0,$367.70,0%,4.54,27945.2
S-101021,2024/08/03,Central,electronics,Maria Gomez ,Retail,,$339.16,10%,4.32,0.0
S-100426,2024-12-11,EAST,Office Supplies,SAM PATEL,Retail,53.0,$288.27,5%,3.73,14514.39
S-101132,2024-11-13, south,Industrial,SAM PATEL,Enterprise,100.0,$301.89,15 %,3.62,25660.65
S-100416,2025-01-22,Central,Industrial,Aisha Karimova,retail ,17.0,$229.06,20%,4.16,3115.22
S-100717,2024-07-15, south, furniture,SAM PATEL,retail ,41.0,$286.02,10%,3.97,10554.14
S-100978,2024-05-20,North,electronics,SAM PATEL,SMB,45.0, 85 ,0%,4.77,3825.0
S-100835,2024-11-06,Central, furniture,Lena Park,Government,24.0,$273.34,0%,4.39,6560.16
S-100828,2024-12-11,,electronics,Maria Gomez ,Retail,3.0,$323.29,0%,4.79,969.87
S-100804,2024-10-22, south,electronics,john lee,Retail,4.0,$304.20,10%,4.89,1095.12
S-100747,2024-05-05,West , furniture,Maria Gomez ,Government,104.0,$348.54,15 %,4.88,30810.94
S-100071,2024-03-16,West ,Electronics,SAM PATEL,Enterprise,61.0,$299.19,10%,3.15,16425.53
S-100698,2024-01-21,West ,Industrial,Maria Gomez ,SMB,94.0,$135.75,5%,4.12,12122.47
S-100043,2024-05-21,North, furniture,Aisha Karimova,Enterprise,70.0,$125.87,10%,4.7,
S-101123,2024-04-07,,Electronics,SAM PATEL,Enterprise,34.0,$323.04,5%,4.35,10434.19
S-100925,2025-01-13,Central,Electronics,Aisha Karimova,,79.0,$139.82,0%,3.31,11045.78
S-101071,2024-03-24,EAST,Office Supplies,john lee,SMB,109.0,"1,950",0%,,212550.0
S-101405,2024-03-03,Central,Electronics,Aisha Karimova,SMB,50.0,$112.62,0%,3.79,5631.0
S-100643,2024-07-11,North,electronics,SAM PATEL,Government,26.0,$297.48,20%,5.08,6187.58
S-100278,2024-01-26,West ,Industrial,Maria Gomez ,SMB ,53.0,$204.29,10%,3.25,9744.63
S-100308,2024-05-06,EAST,Office Supplies,Maria Gomez ,Enterprise,9.0,$267.99,10%,4.13,2170.72
S-101263,2024-11-25,EAST,,SAM PATEL,Government,46.0,$379.36,10%,,15705.5
S-100063,2025-01-22,EAST,Electronics,Aisha Karimova,Enterprise,46.0,$125.55,10%,4.0,5197.77
